	Feature	score
0	ENSG00000000938	20
1	ENSG00000000971	-4
2	ENSG00000002933	-16
3	ENSG00000003147	8
4	ENSG00000003436	39
5	ENSG00000004799	-3
6	ENSG00000004939	-1
7	ENSG00000005020	44
8	ENSG00000005073	21
9	ENSG00000005108	15
10	ENSG00000005187	9
11	ENSG00000005249	29
12	ENSG00000005379	-5
13	ENSG00000005381	15
14	ENSG00000005961	0
15	ENSG00000006638	29
16	ENSG00000007038	-5
17	ENSG00000007062	72
18	ENSG00000007237	11
19	ENSG00000007384	30
20	ENSG00000008086	60
21	ENSG00000008394	6
22	ENSG00000008438	5
23	ENSG00000008516	11
24	ENSG00000010278	38
25	ENSG00000010327	24
26	ENSG00000010610	11
27	ENSG00000011028	12
28	ENSG00000011422	33
29	ENSG00000011600	4
30	ENSG00000012223	-1
31	ENSG00000012779	24
32	ENSG00000012817	0
33	ENSG00000014257	15
34	ENSG00000014914	56
35	ENSG00000018280	23
36	ENSG00000019102	49
37	ENSG00000019169	14
38	ENSG00000019582	6
39	ENSG00000019991	43
40	ENSG00000020181	35
41	ENSG00000020633	63
42	ENSG00000022267	53
43	ENSG00000022556	17
44	ENSG00000023171	48
45	ENSG00000024422	62
46	ENSG00000025708	2
47	ENSG00000026025	14
48	ENSG00000026751	2
49	ENSG00000028137	16
50	ENSG00000028277	20
51	ENSG00000029534	-12
52	ENSG00000030419	96
53	ENSG00000030582	17
54	ENSG00000035720	10
55	ENSG00000037280	17
56	ENSG00000038427	8
57	ENSG00000038945	-6
58	ENSG00000040608	18
59	ENSG00000041353	-2
60	ENSG00000042493	5
61	ENSG00000042980	22
62	ENSG00000046604	11
63	ENSG00000047597	15
64	ENSG00000048052	26
65	ENSG00000049089	22
66	ENSG00000049323	53
67	ENSG00000050767	38
68	ENSG00000051128	20
69	ENSG00000053918	60
70	ENSG00000054598	34
71	ENSG00000054793	10
72	ENSG00000055118	-12
73	ENSG00000059804	22
74	ENSG00000060982	38
75	ENSG00000061918	15
76	ENSG00000062524	59
77	ENSG00000064201	18
78	ENSG00000064989	70
79	ENSG00000065054	6
80	ENSG00000065833	19
81	ENSG00000065989	-3
82	ENSG00000066056	-2
83	ENSG00000067048	-13
84	ENSG00000067646	-7
85	ENSG00000067836	16
86	ENSG00000069188	44
87	ENSG00000070018	104
88	ENSG00000070182	0
89	ENSG00000070214	0
90	ENSG00000070371	95
91	ENSG00000071242	74
92	ENSG00000071575	21
93	ENSG00000073008	51
94	ENSG00000073737	18
95	ENSG00000073756	8
96	ENSG00000073792	24
97	ENSG00000074181	15
98	ENSG00000074416	53
99	ENSG00000074964	32
100	ENSG00000075340	-3
101	ENSG00000075618	10
102	ENSG00000077327	-2
103	ENSG00000077782	29
104	ENSG00000077984	11
105	ENSG00000078399	155
106	ENSG00000078596	82
107	ENSG00000078804	20
108	ENSG00000079102	-5
109	ENSG00000079215	18
110	ENSG00000079819	65
111	ENSG00000080200	25
112	ENSG00000081041	-4
113	ENSG00000081189	22
114	ENSG00000081985	25
115	ENSG00000082014	37
116	ENSG00000082397	-2
117	ENSG00000082438	56
118	ENSG00000084110	7
119	ENSG00000085063	24
120	ENSG00000085265	7
121	ENSG00000085276	-12
122	ENSG00000085514	23
123	ENSG00000085563	68
124	ENSG00000086300	27
125	ENSG00000086548	1
126	ENSG00000086730	5
127	ENSG00000087116	14
128	ENSG00000087245	63
129	ENSG00000088305	27
130	ENSG00000088827	0
131	ENSG00000088882	7
132	ENSG00000088992	55
133	ENSG00000089127	-5
134	ENSG00000089820	29
135	ENSG00000090006	14
136	ENSG00000090013	-1
137	ENSG00000090104	8
138	ENSG00000090382	0
139	ENSG00000090661	49
140	ENSG00000091106	19
141	ENSG00000091181	0
142	ENSG00000091490	50
143	ENSG00000091592	22
144	ENSG00000091972	49
145	ENSG00000092067	28
146	ENSG00000092621	18
147	ENSG00000092964	4
148	ENSG00000093072	13
149	ENSG00000093134	8
150	ENSG00000095585	24
151	ENSG00000095917	8
152	ENSG00000095932	7
153	ENSG00000096433	38
154	ENSG00000099194	27
155	ENSG00000099204	27
156	ENSG00000099284	72
157	ENSG00000099725	-10
158	ENSG00000099860	-2
159	ENSG00000099864	-6
160	ENSG00000099985	-5
161	ENSG00000099998	3
162	ENSG00000100031	2
163	ENSG00000100055	8
164	ENSG00000100079	17
165	ENSG00000100097	2
166	ENSG00000100290	72
167	ENSG00000100292	9
168	ENSG00000100336	21
169	ENSG00000100368	8
170	ENSG00000100385	14
171	ENSG00000100427	13
172	ENSG00000100448	43
173	ENSG00000100450	13
174	ENSG00000100453	9
175	ENSG00000100473	21
176	ENSG00000100852	40
177	ENSG00000100985	9
178	ENSG00000101188	1
179	ENSG00000101276	22
180	ENSG00000101307	29
181	ENSG00000101336	17
182	ENSG00000101342	10
183	ENSG00000101347	10
184	ENSG00000101384	64
185	ENSG00000101425	8
186	ENSG00000101439	24
187	ENSG00000101445	42
188	ENSG00000101916	20
189	ENSG00000101938	57
190	ENSG00000102104	-1
191	ENSG00000102145	-3
192	ENSG00000102265	14
193	ENSG00000102287	37
194	ENSG00000102362	66
195	ENSG00000102409	8
196	ENSG00000102445	0
197	ENSG00000102595	39
198	ENSG00000102760	13
199	ENSG00000102854	70
200	ENSG00000102996	19
201	ENSG00000103187	6
202	ENSG00000103196	0
203	ENSG00000103313	28
204	ENSG00000103569	16
205	ENSG00000103811	13
206	ENSG00000104093	29
207	ENSG00000104177	44
208	ENSG00000104267	36
209	ENSG00000104341	36
210	ENSG00000104447	21
211	ENSG00000104870	29
212	ENSG00000104918	26
213	ENSG00000104921	2
214	ENSG00000104953	16
215	ENSG00000104972	13
216	ENSG00000104974	7
217	ENSG00000105048	3
218	ENSG00000105205	-4
219	ENSG00000105251	71
220	ENSG00000105270	62
221	ENSG00000105352	11
222	ENSG00000105369	9
223	ENSG00000105376	41
224	ENSG00000105426	24
225	ENSG00000105472	12
226	ENSG00000105492	10
227	ENSG00000105610	-12
228	ENSG00000105737	37
229	ENSG00000105835	6
230	ENSG00000105854	17
231	ENSG00000105974	-12
232	ENSG00000105997	140
233	ENSG00000106003	4
234	ENSG00000106004	147
235	ENSG00000106006	154
236	ENSG00000106066	8
237	ENSG00000106070	13
238	ENSG00000106211	8
239	ENSG00000106236	11
240	ENSG00000106327	-3
241	ENSG00000106366	24
242	ENSG00000106484	81
243	ENSG00000106537	33
244	ENSG00000106546	0
245	ENSG00000106565	-13
246	ENSG00000106605	22
247	ENSG00000106624	28
248	ENSG00000106665	51
249	ENSG00000106780	12
250	ENSG00000106952	12
251	ENSG00000106976	13
252	ENSG00000107281	34
253	ENSG00000107282	41
254	ENSG00000107317	48
255	ENSG00000107438	-8
256	ENSG00000107447	34
257	ENSG00000107551	31
258	ENSG00000107562	-20
259	ENSG00000107719	49
260	ENSG00000107738	16
261	ENSG00000107742	26
262	ENSG00000107863	64
263	ENSG00000107957	25
264	ENSG00000108176	24
265	ENSG00000108511	112
266	ENSG00000108551	25
267	ENSG00000108679	-10
268	ENSG00000108702	62
269	ENSG00000108798	9
270	ENSG00000109099	52
271	ENSG00000109113	32
272	ENSG00000109255	-10
273	ENSG00000109265	45
274	ENSG00000109321	15
275	ENSG00000109436	-1
276	ENSG00000109452	35
277	ENSG00000109576	97
278	ENSG00000109743	13
279	ENSG00000109906	9
280	ENSG00000110042	31
281	ENSG00000110076	15
282	ENSG00000110077	45
283	ENSG00000110079	28
284	ENSG00000110237	19
285	ENSG00000110324	18
286	ENSG00000110400	9
287	ENSG00000110446	15
288	ENSG00000110492	22
289	ENSG00000110665	12
290	ENSG00000110799	7
291	ENSG00000110848	-12
292	ENSG00000110852	20
293	ENSG00000111052	11
294	ENSG00000111057	69
295	ENSG00000111261	50
296	ENSG00000111275	39
297	ENSG00000111335	6
298	ENSG00000111371	40
299	ENSG00000111424	42
300	ENSG00000111729	0
301	ENSG00000111885	54
302	ENSG00000112077	-6
303	ENSG00000112290	8
304	ENSG00000112299	38
305	ENSG00000112303	13
306	ENSG00000112414	-11
307	ENSG00000112559	18
308	ENSG00000112655	4
309	ENSG00000112715	27
310	ENSG00000112799	3
311	ENSG00000113070	10
312	ENSG00000113100	6
313	ENSG00000113140	51
314	ENSG00000113389	70
315	ENSG00000113657	60
316	ENSG00000113749	9
317	ENSG00000113758	16
318	ENSG00000113916	17
319	ENSG00000114013	5
320	ENSG00000114204	16
321	ENSG00000114374	0
322	ENSG00000114631	25
323	ENSG00000114654	39
324	ENSG00000115085	8
325	ENSG00000115138	1
326	ENSG00000115295	42
327	ENSG00000115457	46
328	ENSG00000115461	17
329	ENSG00000115523	19
330	ENSG00000115590	-8
331	ENSG00000115594	13
332	ENSG00000115602	-6
333	ENSG00000115738	17
334	ENSG00000115828	39
335	ENSG00000115919	21
336	ENSG00000116133	-1
337	ENSG00000116574	19
338	ENSG00000116667	53
339	ENSG00000116701	10
340	ENSG00000116711	55
341	ENSG00000116741	8
342	ENSG00000116824	-4
343	ENSG00000116883	15
344	ENSG00000116962	29
345	ENSG00000116991	25
346	ENSG00000117020	45
347	ENSG00000117091	16
348	ENSG00000117115	8
349	ENSG00000117228	24
350	ENSG00000117245	37
351	ENSG00000117298	41
352	ENSG00000117400	34
353	ENSG00000117407	2
354	ENSG00000117525	50
355	ENSG00000117594	-8
356	ENSG00000117595	-6
357	ENSG00000117791	53
358	ENSG00000117984	17
359	ENSG00000118113	2
360	ENSG00000118231	29
361	ENSG00000118242	37
362	ENSG00000118276	46
363	ENSG00000118515	7
364	ENSG00000118523	-2
365	ENSG00000118785	21
366	ENSG00000118971	59
367	ENSG00000119138	38
368	ENSG00000119865	5
369	ENSG00000119888	-13
370	ENSG00000119919	102
371	ENSG00000120068	10
372	ENSG00000120075	85
373	ENSG00000120093	139
374	ENSG00000120279	70
375	ENSG00000120280	19
376	ENSG00000120318	37
377	ENSG00000120594	-1
378	ENSG00000120645	-12
379	ENSG00000120708	20
380	ENSG00000120738	-8
381	ENSG00000120833	10
382	ENSG00000120885	39
383	ENSG00000120896	28
384	ENSG00000121053	14
385	ENSG00000121064	43
386	ENSG00000121297	31
387	ENSG00000121316	36
388	ENSG00000121552	27
389	ENSG00000121570	39
390	ENSG00000121807	17
391	ENSG00000121858	4
392	ENSG00000122025	-5
393	ENSG00000122378	56
394	ENSG00000122592	137
395	ENSG00000122824	52
396	ENSG00000122862	28
397	ENSG00000122877	-1
398	ENSG00000123080	22
399	ENSG00000123191	20
400	ENSG00000123342	24
401	ENSG00000123358	5
402	ENSG00000123384	15
403	ENSG00000123689	-4
404	ENSG00000123892	19
405	ENSG00000124006	56
406	ENSG00000124107	53
407	ENSG00000124145	3
408	ENSG00000124181	32
409	ENSG00000124216	34
410	ENSG00000124469	9
411	ENSG00000124491	15
412	ENSG00000124507	41
413	ENSG00000124570	36
414	ENSG00000124575	14
415	ENSG00000124731	17
416	ENSG00000124762	3
417	ENSG00000124780	23
418	ENSG00000124882	11
419	ENSG00000125089	3
420	ENSG00000125148	19
421	ENSG00000125538	-11
422	ENSG00000125657	9
423	ENSG00000125726	-14
424	ENSG00000125740	-4
425	ENSG00000125810	17
426	ENSG00000125869	10
427	ENSG00000125900	17
428	ENSG00000125968	3
429	ENSG00000126353	0
430	ENSG00000126458	9
431	ENSG00000126709	-14
432	ENSG00000126759	8
433	ENSG00000126821	32
434	ENSG00000126822	28
435	ENSG00000126878	28
436	ENSG00000127418	2
437	ENSG00000127528	9
438	ENSG00000127824	46
439	ENSG00000127920	23
440	ENSG00000127946	7
441	ENSG00000127951	5
442	ENSG00000127955	69
443	ENSG00000128040	0
444	ENSG00000128268	6
445	ENSG00000128274	-6
446	ENSG00000128283	0
447	ENSG00000128322	29
448	ENSG00000128383	15
449	ENSG00000128422	100
450	ENSG00000128739	34
451	ENSG00000128805	74
452	ENSG00000128833	24
453	ENSG00000129244	-8
454	ENSG00000129450	28
455	ENSG00000129538	11
456	ENSG00000129682	79
457	ENSG00000129757	10
458	ENSG00000129824	-15
459	ENSG00000129951	34
460	ENSG00000130052	39
461	ENSG00000130066	1
462	ENSG00000130147	70
463	ENSG00000130164	4
464	ENSG00000130202	13
465	ENSG00000130203	-19
466	ENSG00000130508	36
467	ENSG00000130592	12
468	ENSG00000130595	5
469	ENSG00000130598	4
470	ENSG00000130635	25
471	ENSG00000130707	34
472	ENSG00000130881	3
473	ENSG00000131002	4
474	ENSG00000131042	23
475	ENSG00000131080	0
476	ENSG00000131355	-6
477	ENSG00000131401	31
478	ENSG00000131507	37
479	ENSG00000131669	16
480	ENSG00000131724	8
481	ENSG00000131979	17
482	ENSG00000131981	42
483	ENSG00000132170	57
484	ENSG00000132205	-3
485	ENSG00000132329	25
486	ENSG00000132465	-3
487	ENSG00000132514	34
488	ENSG00000132669	13
489	ENSG00000132694	12
490	ENSG00000132744	-4
491	ENSG00000132965	17
492	ENSG00000133048	50
493	ENSG00000133065	70
494	ENSG00000133069	0
495	ENSG00000133101	53
496	ENSG00000133105	23
497	ENSG00000133106	24
498	ENSG00000133134	35
499	ENSG00000133169	13
500	ENSG00000133317	57
501	ENSG00000133454	48
502	ENSG00000133561	0
503	ENSG00000133574	8
504	ENSG00000133742	-2
505	ENSG00000134061	9
506	ENSG00000134184	-8
507	ENSG00000134198	-16
508	ENSG00000134243	24
509	ENSG00000134256	-2
510	ENSG00000134323	6
511	ENSG00000134369	59
512	ENSG00000134460	1
513	ENSG00000134508	0
514	ENSG00000134531	29
515	ENSG00000134590	52
516	ENSG00000134627	26
517	ENSG00000134755	22
518	ENSG00000134827	-20
519	ENSG00000134830	10
520	ENSG00000134873	9
521	ENSG00000134901	-3
522	ENSG00000134909	41
523	ENSG00000134955	21
524	ENSG00000135047	38
525	ENSG00000135077	11
526	ENSG00000135218	2
527	ENSG00000135272	31
528	ENSG00000135318	51
529	ENSG00000135362	5
530	ENSG00000135424	23
531	ENSG00000135426	29
532	ENSG00000135525	50
533	ENSG00000135604	1
534	ENSG00000135636	9
535	ENSG00000135678	26
536	ENSG00000135709	10
537	ENSG00000135838	26
538	ENSG00000135862	7
539	ENSG00000135916	19
540	ENSG00000135929	17
541	ENSG00000136026	6
542	ENSG00000136068	33
543	ENSG00000136158	15
544	ENSG00000136193	50
545	ENSG00000136205	49
546	ENSG00000136250	13
547	ENSG00000136315	35
548	ENSG00000136379	13
549	ENSG00000136689	35
550	ENSG00000136717	10
551	ENSG00000136732	15
552	ENSG00000136826	31
553	ENSG00000136830	21
554	ENSG00000136854	59
555	ENSG00000136869	4
556	ENSG00000136929	35
557	ENSG00000136999	5
558	ENSG00000137198	6
559	ENSG00000137331	14
560	ENSG00000137393	10
561	ENSG00000137441	11
562	ENSG00000137462	5
563	ENSG00000137571	38
564	ENSG00000137673	-3
565	ENSG00000137726	19
566	ENSG00000137801	-1
567	ENSG00000137942	49
568	ENSG00000137959	7
569	ENSG00000138061	1
570	ENSG00000138080	80
571	ENSG00000138083	48
572	ENSG00000138119	9
573	ENSG00000138131	53
574	ENSG00000138316	12
575	ENSG00000138449	25
576	ENSG00000138678	50
577	ENSG00000138722	4
578	ENSG00000138795	0
579	ENSG00000138829	1
580	ENSG00000139117	173
581	ENSG00000139132	20
582	ENSG00000139318	12
583	ENSG00000139626	-17
584	ENSG00000139679	8
585	ENSG00000139737	50
586	ENSG00000140022	19
587	ENSG00000140030	16
588	ENSG00000140090	12
589	ENSG00000140287	2
590	ENSG00000140379	13
591	ENSG00000140443	38
592	ENSG00000140545	-2
593	ENSG00000140678	9
594	ENSG00000140749	5
595	ENSG00000140968	23
596	ENSG00000141469	23
597	ENSG00000141574	15
598	ENSG00000141753	19
599	ENSG00000142089	34
600	ENSG00000142156	20
601	ENSG00000142173	33
602	ENSG00000142192	104
603	ENSG00000142303	59
604	ENSG00000142405	29
605	ENSG00000142512	13
606	ENSG00000142552	16
607	ENSG00000142583	38
608	ENSG00000142611	36
609	ENSG00000142798	6
610	ENSG00000143013	31
611	ENSG00000143110	16
612	ENSG00000143167	45
613	ENSG00000143226	19
614	ENSG00000143369	29
615	ENSG00000143382	-1
616	ENSG00000143416	-11
617	ENSG00000143546	18
618	ENSG00000143627	-4
619	ENSG00000143776	33
620	ENSG00000143797	4
621	ENSG00000143878	3
622	ENSG00000143889	38
623	ENSG00000143995	136
624	ENSG00000144218	8
625	ENSG00000144354	32
626	ENSG00000144407	10
627	ENSG00000144476	29
628	ENSG00000144485	1
629	ENSG00000144668	76
630	ENSG00000144677	64
631	ENSG00000144893	24
632	ENSG00000145335	-17
633	ENSG00000145569	44
634	ENSG00000145649	11
635	ENSG00000145708	12
636	ENSG00000146072	0
637	ENSG00000146192	12
638	ENSG00000146205	61
639	ENSG00000146373	52
640	ENSG00000146416	44
641	ENSG00000146592	-7
642	ENSG00000147138	5
643	ENSG00000147145	46
644	ENSG00000147180	27
645	ENSG00000147206	6
646	ENSG00000147394	16
647	ENSG00000147408	22
648	ENSG00000147443	13
649	ENSG00000147488	86
650	ENSG00000147852	1
651	ENSG00000147889	11
652	ENSG00000148200	39
653	ENSG00000148346	-4
654	ENSG00000148411	23
655	ENSG00000148468	58
656	ENSG00000148488	76
657	ENSG00000148908	33
658	ENSG00000149131	38
659	ENSG00000149177	27
660	ENSG00000149212	40
661	ENSG00000149257	13
662	ENSG00000149289	43
663	ENSG00000149294	-16
664	ENSG00000149418	10
665	ENSG00000149516	2
666	ENSG00000149534	4
667	ENSG00000149564	53
668	ENSG00000150054	71
669	ENSG00000150337	17
670	ENSG00000150540	60
671	ENSG00000150594	2
672	ENSG00000150760	96
673	ENSG00000150907	62
674	ENSG00000151062	57
675	ENSG00000151136	-3
676	ENSG00000151376	29
677	ENSG00000151468	24
678	ENSG00000151491	22
679	ENSG00000151612	29
680	ENSG00000151650	19
681	ENSG00000151651	2
682	ENSG00000151726	31
683	ENSG00000151778	4
684	ENSG00000151929	64
685	ENSG00000151948	17
686	ENSG00000151967	41
687	ENSG00000152104	59
688	ENSG00000152192	17
689	ENSG00000152207	3
690	ENSG00000152217	61
691	ENSG00000152492	8
692	ENSG00000152580	51
693	ENSG00000152661	6
694	ENSG00000152689	9
695	ENSG00000152760	24
696	ENSG00000152766	0
697	ENSG00000152953	48
698	ENSG00000153234	-5
699	ENSG00000153283	38
700	ENSG00000153885	24
701	ENSG00000153944	31
702	ENSG00000154027	75
703	ENSG00000154133	32
704	ENSG00000154134	53
705	ENSG00000154146	49
706	ENSG00000154188	12
707	ENSG00000154229	34
708	ENSG00000154358	9
709	ENSG00000154589	2
710	ENSG00000154760	32
711	ENSG00000154783	10
712	ENSG00000154864	84
713	ENSG00000155254	17
714	ENSG00000155465	10
715	ENSG00000155659	12
716	ENSG00000155962	25
717	ENSG00000155966	29
718	ENSG00000156298	96
719	ENSG00000156414	56
720	ENSG00000156535	47
721	ENSG00000156966	11
722	ENSG00000157077	50
723	ENSG00000157110	56
724	ENSG00000157227	57
725	ENSG00000157303	29
726	ENSG00000157404	19
727	ENSG00000157554	13
728	ENSG00000157601	-1
729	ENSG00000157653	3
730	ENSG00000158089	49
731	ENSG00000158106	33
732	ENSG00000158292	31
733	ENSG00000158473	41
734	ENSG00000158481	41
735	ENSG00000158517	41
736	ENSG00000158578	-5
737	ENSG00000158715	11
738	ENSG00000158806	3
739	ENSG00000158825	33
740	ENSG00000158856	-2
741	ENSG00000158869	21
742	ENSG00000159164	-1
743	ENSG00000159189	3
744	ENSG00000159307	4
745	ENSG00000159335	10
746	ENSG00000159339	17
747	ENSG00000159433	57
748	ENSG00000159618	5
749	ENSG00000159713	12
750	ENSG00000160013	27
751	ENSG00000160221	-12
752	ENSG00000160255	8
753	ENSG00000160284	-1
754	ENSG00000160307	73
755	ENSG00000160326	-14
756	ENSG00000160360	-7
757	ENSG00000160593	1
758	ENSG00000160789	3
759	ENSG00000160791	0
760	ENSG00000160883	33
761	ENSG00000161642	6
762	ENSG00000161681	24
763	ENSG00000161835	55
764	ENSG00000161921	3
765	ENSG00000161929	13
766	ENSG00000161944	2
767	ENSG00000162104	33
768	ENSG00000162174	36
769	ENSG00000162367	17
770	ENSG00000162496	73
771	ENSG00000162591	2
772	ENSG00000162599	12
773	ENSG00000162645	16
774	ENSG00000162654	50
775	ENSG00000162676	17
776	ENSG00000162745	1
777	ENSG00000162747	-7
778	ENSG00000162772	-2
779	ENSG00000163106	103
780	ENSG00000163131	13
781	ENSG00000163171	37
782	ENSG00000163191	20
783	ENSG00000163220	20
784	ENSG00000163221	2
785	ENSG00000163393	53
786	ENSG00000163412	-7
787	ENSG00000163421	15
788	ENSG00000163462	17
789	ENSG00000163519	19
790	ENSG00000163534	-4
791	ENSG00000163554	-16
792	ENSG00000163563	1
793	ENSG00000163564	21
794	ENSG00000163625	19
795	ENSG00000163661	6
796	ENSG00000163694	37
797	ENSG00000163701	41
798	ENSG00000163734	0
799	ENSG00000163736	21
800	ENSG00000163737	26
801	ENSG00000163751	33
802	ENSG00000163814	12
803	ENSG00000163823	18
804	ENSG00000163993	18
805	ENSG00000164023	43
806	ENSG00000164047	4
807	ENSG00000164050	11
808	ENSG00000164056	61
809	ENSG00000164111	41
810	ENSG00000164116	12
811	ENSG00000164120	45
812	ENSG00000164125	16
813	ENSG00000164236	12
814	ENSG00000164251	28
815	ENSG00000164292	30
816	ENSG00000164626	29
817	ENSG00000164741	61
818	ENSG00000164821	1
819	ENSG00000164825	24
820	ENSG00000164853	51
821	ENSG00000164877	12
822	ENSG00000164929	86
823	ENSG00000164930	39
824	ENSG00000165030	18
825	ENSG00000165072	3
826	ENSG00000165092	20
827	ENSG00000165140	31
828	ENSG00000165168	15
829	ENSG00000165178	34
830	ENSG00000165272	32
831	ENSG00000165300	2
832	ENSG00000165449	31
833	ENSG00000165646	40
834	ENSG00000165655	63
835	ENSG00000165702	0
836	ENSG00000165716	20
837	ENSG00000165757	23
838	ENSG00000165929	23
839	ENSG00000166002	30
840	ENSG00000166025	22
841	ENSG00000166123	25
842	ENSG00000166126	19
843	ENSG00000166145	19
844	ENSG00000166165	-1
845	ENSG00000166265	11
846	ENSG00000166278	29
847	ENSG00000166341	42
848	ENSG00000166401	10
849	ENSG00000166428	14
850	ENSG00000166482	15
851	ENSG00000166503	-9
852	ENSG00000166523	1
853	ENSG00000166527	2
854	ENSG00000166681	40
855	ENSG00000166743	21
856	ENSG00000166770	52
857	ENSG00000166825	6
858	ENSG00000166831	25
859	ENSG00000166927	8
860	ENSG00000166928	13
861	ENSG00000166947	-6
862	ENSG00000166963	17
863	ENSG00000167081	74
864	ENSG00000167123	24
865	ENSG00000167207	23
866	ENSG00000167286	18
867	ENSG00000167419	51
868	ENSG00000167483	16
869	ENSG00000167600	49
870	ENSG00000167642	51
871	ENSG00000167664	97
872	ENSG00000167703	15
873	ENSG00000167815	-7
874	ENSG00000167850	16
875	ENSG00000167851	3
876	ENSG00000167880	30
877	ENSG00000167912	25
878	ENSG00000168056	34
879	ENSG00000168060	38
880	ENSG00000168077	42
881	ENSG00000168209	28
882	ENSG00000168268	15
883	ENSG00000168329	21
884	ENSG00000168461	9
885	ENSG00000168497	45
886	ENSG00000168528	21
887	ENSG00000168671	29
888	ENSG00000168685	0
889	ENSG00000168916	82
890	ENSG00000168995	35
891	ENSG00000169083	108
892	ENSG00000169184	95
893	ENSG00000169224	2
894	ENSG00000169252	46
895	ENSG00000169385	25
896	ENSG00000169397	20
897	ENSG00000169398	84
898	ENSG00000169403	26
899	ENSG00000169413	14
900	ENSG00000169429	-3
901	ENSG00000169432	37
902	ENSG00000169442	14
903	ENSG00000169508	5
904	ENSG00000169575	8
905	ENSG00000169704	31
906	ENSG00000169715	33
907	ENSG00000169752	75
908	ENSG00000169855	-17
909	ENSG00000169877	-7
910	ENSG00000169896	16
911	ENSG00000169908	68
912	ENSG00000170085	14
913	ENSG00000170180	-9
914	ENSG00000170345	8
915	ENSG00000170396	28
916	ENSG00000170421	39
917	ENSG00000170439	47
918	ENSG00000170458	23
919	ENSG00000170476	5
920	ENSG00000170542	9
921	ENSG00000170549	34
922	ENSG00000170558	5
923	ENSG00000170627	2
924	ENSG00000170689	5
925	ENSG00000170801	13
926	ENSG00000170837	0
927	ENSG00000170873	4
928	ENSG00000170891	54
929	ENSG00000170893	81
930	ENSG00000170909	15
931	ENSG00000170962	57
932	ENSG00000171049	5
933	ENSG00000171051	4
934	ENSG00000171101	1
935	ENSG00000171115	8
936	ENSG00000171236	57
937	ENSG00000171298	-3
938	ENSG00000171316	9
939	ENSG00000171476	37
940	ENSG00000171502	12
941	ENSG00000171509	57
942	ENSG00000171596	9
943	ENSG00000171643	0
944	ENSG00000171659	11
945	ENSG00000171729	0
946	ENSG00000171766	53
947	ENSG00000171777	-4
948	ENSG00000171843	71
949	ENSG00000171860	22
950	ENSG00000172005	1
951	ENSG00000172037	23
952	ENSG00000172059	23
953	ENSG00000172216	11
954	ENSG00000172232	29
955	ENSG00000172236	18
956	ENSG00000172243	18
957	ENSG00000172247	4
958	ENSG00000172260	7
959	ENSG00000172322	8
960	ENSG00000172340	61
961	ENSG00000172543	21
962	ENSG00000172594	-4
963	ENSG00000172817	29
964	ENSG00000172889	23
965	ENSG00000172995	45
966	ENSG00000173083	28
967	ENSG00000173334	11
968	ENSG00000173369	4
969	ENSG00000173372	9
970	ENSG00000173482	71
971	ENSG00000173762	19
972	ENSG00000173801	31
973	ENSG00000173868	8
974	ENSG00000173894	37
975	ENSG00000173917	101
976	ENSG00000173930	11
977	ENSG00000174059	66
978	ENSG00000174080	39
979	ENSG00000174175	4
980	ENSG00000174233	45
981	ENSG00000174403	64
982	ENSG00000174669	37
983	ENSG00000174776	11
984	ENSG00000174837	28
985	ENSG00000174944	31
986	ENSG00000175040	-4
987	ENSG00000175130	20
988	ENSG00000175164	52
989	ENSG00000175265	9
990	ENSG00000175274	22
991	ENSG00000175445	-15
992	ENSG00000175489	20
993	ENSG00000175591	13
994	ENSG00000175592	14
995	ENSG00000176014	1
996	ENSG00000176076	47
997	ENSG00000176435	17
998	ENSG00000176485	34
999	ENSG00000176595	-11
1000	ENSG00000176659	23
1001	ENSG00000176728	8
1002	ENSG00000176788	56
1003	ENSG00000176842	64
1004	ENSG00000176845	5
1005	ENSG00000177034	9
1006	ENSG00000177133	33
1007	ENSG00000177272	64
1008	ENSG00000177398	19
1009	ENSG00000177425	52
1010	ENSG00000177469	76
1011	ENSG00000177494	39
1012	ENSG00000177508	76
1013	ENSG00000177575	16
1014	ENSG00000177606	18
1015	ENSG00000177663	27
1016	ENSG00000177685	13
1017	ENSG00000177706	16
1018	ENSG00000177989	-13
1019	ENSG00000177990	25
1020	ENSG00000178209	10
1021	ENSG00000178695	18
1022	ENSG00000178773	42
1023	ENSG00000178789	29
1024	ENSG00000179094	-3
1025	ENSG00000179097	13
1026	ENSG00000179104	32
1027	ENSG00000179144	8
1028	ENSG00000179241	54
1029	ENSG00000179242	1
1030	ENSG00000179344	20
1031	ENSG00000179348	1
1032	ENSG00000179388	10
1033	ENSG00000179447	38
1034	ENSG00000179455	-1
1035	ENSG00000179542	52
1036	ENSG00000179583	22
1037	ENSG00000179593	-10
1038	ENSG00000179639	2
1039	ENSG00000179855	51
1040	ENSG00000179862	-8
1041	ENSG00000179921	8
1042	ENSG00000180044	75
1043	ENSG00000180061	44
1044	ENSG00000180071	24
1045	ENSG00000180172	13
1046	ENSG00000180229	8
1047	ENSG00000180340	18
1048	ENSG00000180509	34
1049	ENSG00000180530	39
1050	ENSG00000180539	-6
1051	ENSG00000180592	26
1052	ENSG00000180596	-9
1053	ENSG00000180644	3
1054	ENSG00000180767	8
1055	ENSG00000180871	21
1056	ENSG00000180921	7
1057	ENSG00000181104	25
1058	ENSG00000181218	10
1059	ENSG00000181433	-8
1060	ENSG00000181444	9
1061	ENSG00000181523	6
1062	ENSG00000181631	52
1063	ENSG00000182022	32
1064	ENSG00000182118	26
1065	ENSG00000182195	26
1066	ENSG00000182389	72
1067	ENSG00000182487	39
1068	ENSG00000182557	8
1069	ENSG00000182578	-5
1070	ENSG00000182585	37
1071	ENSG00000182636	1
1072	ENSG00000182676	11
1073	ENSG00000182718	15
1074	ENSG00000182742	115
1075	ENSG00000182809	1
1076	ENSG00000182866	8
1077	ENSG00000182885	3
1078	ENSG00000183018	4
1079	ENSG00000183019	27
1080	ENSG00000183049	11
1081	ENSG00000183166	57
1082	ENSG00000183242	40
1083	ENSG00000183298	1
1084	ENSG00000183307	24
1085	ENSG00000183496	20
1086	ENSG00000183508	14
1087	ENSG00000183570	34
1088	ENSG00000183691	41
1089	ENSG00000183696	16
1090	ENSG00000183722	-5
1091	ENSG00000183878	0
1092	ENSG00000183918	4
1093	ENSG00000183971	-17
1094	ENSG00000184060	18
1095	ENSG00000184194	47
1096	ENSG00000184221	-2
1097	ENSG00000184226	0
1098	ENSG00000184292	-4
1099	ENSG00000184293	22
1100	ENSG00000184371	9
1101	ENSG00000184489	15
1102	ENSG00000184557	-9
1103	ENSG00000184588	18
1104	ENSG00000184678	-11
1105	ENSG00000184702	16
1106	ENSG00000184785	4
1107	ENSG00000184838	-3
1108	ENSG00000184937	45
1109	ENSG00000184986	8
1110	ENSG00000185052	48
1111	ENSG00000185168	38
1112	ENSG00000185198	-2
1113	ENSG00000185215	20
1114	ENSG00000185222	30
1115	ENSG00000185271	13
1116	ENSG00000185275	3
1117	ENSG00000185332	36
1118	ENSG00000185339	6
1119	ENSG00000185340	11
1120	ENSG00000185559	5
1121	ENSG00000185585	15
1122	ENSG00000185650	26
1123	ENSG00000185686	-21
1124	ENSG00000185885	35
1125	ENSG00000185950	1
1126	ENSG00000186205	36
1127	ENSG00000186407	11
1128	ENSG00000186431	21
1129	ENSG00000186469	65
1130	ENSG00000186529	1
1131	ENSG00000186594	22
1132	ENSG00000186652	-6
1133	ENSG00000186818	46
1134	ENSG00000186827	24
1135	ENSG00000186891	23
1136	ENSG00000186998	24
1137	ENSG00000187010	-7
1138	ENSG00000187037	13
1139	ENSG00000187116	11
1140	ENSG00000187164	27
1141	ENSG00000187266	3
1142	ENSG00000187554	27
1143	ENSG00000187595	22
1144	ENSG00000187634	30
1145	ENSG00000187796	8
1146	ENSG00000187800	90
1147	ENSG00000187837	-2
1148	ENSG00000187862	12
1149	ENSG00000187942	-18
1150	ENSG00000188153	58
1151	ENSG00000188157	9
1152	ENSG00000188404	17
1153	ENSG00000188536	12
1154	ENSG00000188626	20
1155	ENSG00000188641	2
1156	ENSG00000188643	16
1157	ENSG00000188672	-8
1158	ENSG00000188747	8
1159	ENSG00000188820	-6
1160	ENSG00000188848	59
1161	ENSG00000188856	9
1162	ENSG00000188897	31
1163	ENSG00000188906	14
1164	ENSG00000189060	55
1165	ENSG00000189068	44
1166	ENSG00000189223	-12
1167	ENSG00000196074	-2
1168	ENSG00000196092	-10
1169	ENSG00000196126	23
1170	ENSG00000196154	0
1171	ENSG00000196189	24
1172	ENSG00000196209	10
1173	ENSG00000196358	46
1174	ENSG00000196415	-4
1175	ENSG00000196422	12
1176	ENSG00000196460	14
1177	ENSG00000196562	18
1178	ENSG00000196565	-15
1179	ENSG00000196628	30
1180	ENSG00000196664	12
1181	ENSG00000196666	11
1182	ENSG00000196668	1
1183	ENSG00000196684	16
1184	ENSG00000196730	7
1185	ENSG00000196735	14
1186	ENSG00000196781	32
1187	ENSG00000196866	-7
1188	ENSG00000197081	60
1189	ENSG00000197122	22
1190	ENSG00000197249	12
1191	ENSG00000197253	11
1192	ENSG00000197301	38
1193	ENSG00000197329	5
1194	ENSG00000197405	17
1195	ENSG00000197409	-6
1196	ENSG00000197430	21
1197	ENSG00000197465	-3
1198	ENSG00000197506	35
1199	ENSG00000197561	-1
1200	ENSG00000197576	93
1201	ENSG00000197629	33
1202	ENSG00000197632	11
1203	ENSG00000197747	-4
1204	ENSG00000197766	21
1205	ENSG00000197847	16
1206	ENSG00000197872	15
1207	ENSG00000197956	16
1208	ENSG00000197992	9
1209	ENSG00000197993	-9
1210	ENSG00000198019	21
1211	ENSG00000198075	15
1212	ENSG00000198178	13
1213	ENSG00000198185	68
1214	ENSG00000198223	-2
1215	ENSG00000198286	13
1216	ENSG00000198336	-10
1217	ENSG00000198400	0
1218	ENSG00000198502	15
1219	ENSG00000198520	4
1220	ENSG00000198598	9
1221	ENSG00000198692	-14
1222	ENSG00000198722	0
1223	ENSG00000198734	15
1224	ENSG00000198744	-16
1225	ENSG00000198752	46
1226	ENSG00000198795	61
1227	ENSG00000198829	14
1228	ENSG00000198842	76
1229	ENSG00000198846	27
1230	ENSG00000198848	26
1231	ENSG00000198851	-2
1232	ENSG00000198959	-1
1233	ENSG00000199143	24
1234	ENSG00000199347	3
1235	ENSG00000199349	1
1236	ENSG00000199377	-9
1237	ENSG00000199562	2
1238	ENSG00000199568	-5
1239	ENSG00000199697	23
1240	ENSG00000199753	8
1241	ENSG00000199964	16
1242	ENSG00000200086	-11
1243	ENSG00000200156	-7
1244	ENSG00000200169	-2
1245	ENSG00000200204	9
1246	ENSG00000200235	19
1247	ENSG00000200648	14
1248	ENSG00000200732	33
1249	ENSG00000200795	-11
1250	ENSG00000200879	7
1251	ENSG00000200897	11
1252	ENSG00000201496	54
1253	ENSG00000201558	8
1254	ENSG00000201674	-9
1255	ENSG00000201700	58
1256	ENSG00000201737	32
1257	ENSG00000201801	-6
1258	ENSG00000202190	79
1259	ENSG00000202538	-7
1260	ENSG00000202569	4
1261	ENSG00000203414	-5
1262	ENSG00000203616	29
1263	ENSG00000203710	20
1264	ENSG00000203747	-3
1265	ENSG00000203799	-3
1266	ENSG00000203950	32
1267	ENSG00000204010	-4
1268	ENSG00000204020	4
1269	ENSG00000204103	21
1270	ENSG00000204131	38
1271	ENSG00000204161	8
1272	ENSG00000204177	39
1273	ENSG00000204252	31
1274	ENSG00000204257	14
1275	ENSG00000204287	14
1276	ENSG00000204420	39
1277	ENSG00000204482	12
1278	ENSG00000204577	9
1279	ENSG00000204613	-9
1280	ENSG00000204644	-5
1281	ENSG00000204681	45
1282	ENSG00000204682	30
1283	ENSG00000204706	45
1284	ENSG00000204792	-13
1285	ENSG00000204832	79
1286	ENSG00000205269	2
1287	ENSG00000205336	69
1288	ENSG00000205639	22
1289	ENSG00000205755	13
1290	ENSG00000205978	19
1291	ENSG00000206120	9
1292	ENSG00000206172	1
1293	ENSG00000206177	-1
1294	ENSG00000206190	45
1295	ENSG00000206337	37
1296	ENSG00000206557	37
1297	ENSG00000206647	-6
1298	ENSG00000206687	22
1299	ENSG00000206728	12
1300	ENSG00000206841	60
1301	ENSG00000206846	-3
1302	ENSG00000207146	37
1303	ENSG00000207205	33
1304	ENSG00000207220	-2
1305	ENSG00000207279	86
1306	ENSG00000207286	30
1307	ENSG00000207287	0
1308	ENSG00000207308	9
1309	ENSG00000207444	8
1310	ENSG00000207583	17
1311	ENSG00000207595	36
1312	ENSG00000207625	38
1313	ENSG00000207725	0
1314	ENSG00000207737	29
1315	ENSG00000207802	8
1316	ENSG00000207808	14
1317	ENSG00000207815	27
1318	ENSG00000207975	21
1319	ENSG00000207980	23
1320	ENSG00000207983	14
1321	ENSG00000211574	61
1322	ENSG00000211592	-32
1323	ENSG00000211593	4
1324	ENSG00000211598	-28
1325	ENSG00000211599	-16
1326	ENSG00000211611	-26
1327	ENSG00000211625	-30
1328	ENSG00000211632	-27
1329	ENSG00000211637	-23
1330	ENSG00000211638	-13
1331	ENSG00000211639	-25
1332	ENSG00000211640	-20
1333	ENSG00000211642	-17
1334	ENSG00000211644	-26
1335	ENSG00000211648	-24
1336	ENSG00000211649	-33
1337	ENSG00000211650	-22
1338	ENSG00000211651	-28
1339	ENSG00000211652	-31
1340	ENSG00000211653	-29
1341	ENSG00000211654	-5
1342	ENSG00000211655	-23
1343	ENSG00000211658	-13
1344	ENSG00000211659	-27
1345	ENSG00000211660	-28
1346	ENSG00000211662	-27
1347	ENSG00000211663	-23
1348	ENSG00000211664	-23
1349	ENSG00000211666	-24
1350	ENSG00000211668	-23
1351	ENSG00000211669	-25
1352	ENSG00000211670	-23
1353	ENSG00000211673	-28
1354	ENSG00000211677	-24
1355	ENSG00000211679	-29
1356	ENSG00000211685	-33
1357	ENSG00000211688	33
1358	ENSG00000211689	22
1359	ENSG00000211691	10
1360	ENSG00000211692	24
1361	ENSG00000211694	49
1362	ENSG00000211697	7
1363	ENSG00000211698	6
1364	ENSG00000211721	2
1365	ENSG00000211724	20
1366	ENSG00000211747	-1
1367	ENSG00000211752	17
1368	ENSG00000211753	3
1369	ENSG00000211764	5
1370	ENSG00000211765	8
1371	ENSG00000211766	0
1372	ENSG00000211767	1
1373	ENSG00000211768	-7
1374	ENSG00000211771	-1
1375	ENSG00000211772	-3
1376	ENSG00000211821	15
1377	ENSG00000211826	-5
1378	ENSG00000211827	-6
1379	ENSG00000211828	4
1380	ENSG00000211829	-8
1381	ENSG00000211841	-6
1382	ENSG00000211844	-15
1383	ENSG00000211847	1
1384	ENSG00000211849	5
1385	ENSG00000211850	0
1386	ENSG00000211851	0
1387	ENSG00000211854	5
1388	ENSG00000211855	1
1389	ENSG00000211856	0
1390	ENSG00000211858	-27
1391	ENSG00000211859	10
1392	ENSG00000211861	6
1393	ENSG00000211862	-4
1394	ENSG00000211863	-10
1395	ENSG00000211864	11
1396	ENSG00000211865	0
1397	ENSG00000211866	-12
1398	ENSG00000211867	-3
1399	ENSG00000211868	1
1400	ENSG00000211869	-3
1401	ENSG00000211870	-7
1402	ENSG00000211871	3
1403	ENSG00000211872	2
1404	ENSG00000211873	14
1405	ENSG00000211875	-5
1406	ENSG00000211876	16
1407	ENSG00000211877	8
1408	ENSG00000211878	5
1409	ENSG00000211879	-17
1410	ENSG00000211880	-11
1411	ENSG00000211881	0
1412	ENSG00000211882	-1
1413	ENSG00000211883	-9
1414	ENSG00000211884	0
1415	ENSG00000211885	4
1416	ENSG00000211886	-11
1417	ENSG00000211887	-17
1418	ENSG00000211888	-19
1419	ENSG00000211890	-13
1420	ENSG00000211892	-24
1421	ENSG00000211893	-31
1422	ENSG00000211895	-25
1423	ENSG00000211896	-27
1424	ENSG00000211897	-16
1425	ENSG00000211898	2
1426	ENSG00000211899	26
1427	ENSG00000211904	29
1428	ENSG00000211905	26
1429	ENSG00000211907	43
1430	ENSG00000211909	36
1431	ENSG00000211911	24
1432	ENSG00000211912	45
1433	ENSG00000211914	14
1434	ENSG00000211915	24
1435	ENSG00000211917	15
1436	ENSG00000211918	17
1437	ENSG00000211920	22
1438	ENSG00000211921	8
1439	ENSG00000211923	11
1440	ENSG00000211924	19
1441	ENSG00000211925	17
1442	ENSG00000211928	21
1443	ENSG00000211930	22
1444	ENSG00000211931	9
1445	ENSG00000211933	-36
1446	ENSG00000211934	-24
1447	ENSG00000211937	-34
1448	ENSG00000211938	-38
1449	ENSG00000211941	-26
1450	ENSG00000211942	-33
1451	ENSG00000211943	-31
1452	ENSG00000211945	-26
1453	ENSG00000211946	-22
1454	ENSG00000211947	-21
1455	ENSG00000211949	-30
1456	ENSG00000211950	-34
1457	ENSG00000211951	-32
1458	ENSG00000211952	-19
1459	ENSG00000211955	-28
1460	ENSG00000211956	-25
1461	ENSG00000211959	-23
1462	ENSG00000211961	-33
1463	ENSG00000211962	-24
1464	ENSG00000211964	-18
1465	ENSG00000211965	-27
1466	ENSG00000211966	-25
1467	ENSG00000211967	-28
1468	ENSG00000211968	-29
1469	ENSG00000211970	-24
1470	ENSG00000211972	-19
1471	ENSG00000211973	-21
1472	ENSG00000211974	-12
1473	ENSG00000211976	-21
1474	ENSG00000212051	14
1475	ENSG00000212186	6
1476	ENSG00000212195	-6
1477	ENSG00000212411	8
1478	ENSG00000212418	60
1479	ENSG00000212458	-19
1480	ENSG00000212464	0
1481	ENSG00000212556	53
1482	ENSG00000212579	-11
1483	ENSG00000213058	-10
1484	ENSG00000213083	-2
1485	ENSG00000213172	-11
1486	ENSG00000213726	1
1487	ENSG00000213759	77
1488	ENSG00000213876	9
1489	ENSG00000213934	-10
1490	ENSG00000214212	9
1491	ENSG00000214263	8
1492	ENSG00000214357	17
1493	ENSG00000214548	69
1494	ENSG00000214787	19
1495	ENSG00000214796	-4
1496	ENSG00000215246	41
1497	ENSG00000215252	37
1498	ENSG00000215367	-12
1499	ENSG00000215788	19
1500	ENSG00000216316	55
1501	ENSG00000216331	-10
1502	ENSG00000216490	5
1503	ENSG00000217159	-2
1504	ENSG00000217275	-13
1505	ENSG00000217896	13
1506	ENSG00000218281	8
1507	ENSG00000218565	8
1508	ENSG00000218809	7
1509	ENSG00000221039	11
1510	ENSG00000221059	18
1511	ENSG00000221275	13
1512	ENSG00000221325	-5
1513	ENSG00000221331	12
1514	ENSG00000221340	60
1515	ENSG00000221456	29
1516	ENSG00000221740	4
1517	ENSG00000221869	24
1518	ENSG00000222071	-5
1519	ENSG00000222421	23
1520	ENSG00000222465	53
1521	ENSG00000222515	25
1522	ENSG00000222724	0
1523	ENSG00000222831	11
1524	ENSG00000223117	-26
1525	ENSG00000223350	-17
1526	ENSG00000223351	16
1527	ENSG00000223401	3
1528	ENSG00000223511	-9
1529	ENSG00000223534	11
1530	ENSG00000223609	4
1531	ENSG00000223648	-12
1532	ENSG00000223749	62
1533	ENSG00000223764	16
1534	ENSG00000223865	18
1535	ENSG00000223915	-2
1536	ENSG00000224063	61
1537	ENSG00000224237	0
1538	ENSG00000224307	16
1539	ENSG00000224373	-27
1540	ENSG00000224397	13
1541	ENSG00000224400	20
1542	ENSG00000224429	32
1543	ENSG00000224650	-33
1544	ENSG00000224739	-10
1545	ENSG00000224796	20
1546	ENSG00000224940	39
1547	ENSG00000224968	48
1548	ENSG00000225000	16
1549	ENSG00000225026	32
1550	ENSG00000225101	31
1551	ENSG00000225138	4
1552	ENSG00000225217	5
1553	ENSG00000225231	9
1554	ENSG00000225345	22
1555	ENSG00000225585	17
1556	ENSG00000225630	14
1557	ENSG00000225698	-25
1558	ENSG00000225778	21
1559	ENSG00000225792	58
1560	ENSG00000225825	26
1561	ENSG00000225840	0
1562	ENSG00000225907	38
1563	ENSG00000225972	6
1564	ENSG00000226278	-10
1565	ENSG00000226321	30
1566	ENSG00000226562	25
1567	ENSG00000226738	-2
1568	ENSG00000226777	25
1569	ENSG00000227039	8
1570	ENSG00000227063	-3
1571	ENSG00000227076	19
1572	ENSG00000227097	-11
1573	ENSG00000227108	13
1574	ENSG00000227170	15
1575	ENSG00000227191	49
1576	ENSG00000227196	33
1577	ENSG00000227335	49
1578	ENSG00000227502	51
1579	ENSG00000227507	11
1580	ENSG00000227550	5
1581	ENSG00000227706	-2
1582	ENSG00000227719	1
1583	ENSG00000227738	52
1584	ENSG00000227800	8
1585	ENSG00000227825	16
1586	ENSG00000228131	13
1587	ENSG00000228280	10
1588	ENSG00000228401	59
1589	ENSG00000228572	3
1590	ENSG00000228594	8
1591	ENSG00000228626	46
1592	ENSG00000228651	-4
1593	ENSG00000228769	45
1594	ENSG00000228778	115
1595	ENSG00000228939	63
1596	ENSG00000229391	3
1597	ENSG00000229417	19
1598	ENSG00000229418	11
1599	ENSG00000229425	52
1600	ENSG00000229436	-10
1601	ENSG00000229456	55
1602	ENSG00000229604	-17
1603	ENSG00000229646	12
1604	ENSG00000229663	31
1605	ENSG00000229671	13
1606	ENSG00000229754	11
1607	ENSG00000229792	47
1608	ENSG00000229807	-4
1609	ENSG00000229988	-10
1610	ENSG00000229989	12
1611	ENSG00000230076	-11
1612	ENSG00000230138	4
1613	ENSG00000230148	96
1614	ENSG00000230387	-2
1615	ENSG00000230453	21
1616	ENSG00000230539	1
1617	ENSG00000230690	42
1618	ENSG00000230699	14
1619	ENSG00000230749	72
1620	ENSG00000230830	43
1621	ENSG00000230882	5
1622	ENSG00000230953	19
1623	ENSG00000231106	0
1624	ENSG00000231201	26
1625	ENSG00000231292	-23
1626	ENSG00000231389	22
1627	ENSG00000231412	40
1628	ENSG00000231475	-17
1629	ENSG00000231508	12
1630	ENSG00000231513	-3
1631	ENSG00000231535	-4
1632	ENSG00000231680	46
1633	ENSG00000231711	81
1634	ENSG00000231752	17
1635	ENSG00000231964	25
1636	ENSG00000231985	-4
1637	ENSG00000231991	7
1638	ENSG00000232125	0
1639	ENSG00000232177	-10
1640	ENSG00000232208	10
1641	ENSG00000232216	-20
1642	ENSG00000232543	8
1643	ENSG00000232555	7
1644	ENSG00000232629	-5
1645	ENSG00000232810	51
1646	ENSG00000232878	-8
1647	ENSG00000233101	119
1648	ENSG00000233236	77
1649	ENSG00000233355	0
1650	ENSG00000233392	21
1651	ENSG00000233429	51
1652	ENSG00000233476	-8
1653	ENSG00000233655	10
1654	ENSG00000233695	34
1655	ENSG00000233844	2
1656	ENSG00000233864	-3
1657	ENSG00000233913	-11
1658	ENSG00000233922	15
1659	ENSG00000233968	26
1660	ENSG00000233994	-3
1661	ENSG00000234147	13
1662	ENSG00000234248	69
1663	ENSG00000234282	25
1664	ENSG00000234373	27
1665	ENSG00000234436	-1
1666	ENSG00000234854	33
1667	ENSG00000234883	21
1668	ENSG00000234928	47
1669	ENSG00000235128	27
1670	ENSG00000235151	-1
1671	ENSG00000235244	11
1672	ENSG00000235321	7
1673	ENSG00000235328	20
1674	ENSG00000235361	15
1675	ENSG00000235568	65
1676	ENSG00000235669	2
1677	ENSG00000235674	8
1678	ENSG00000235888	3
1679	ENSG00000235996	30
1680	ENSG00000236170	10
1681	ENSG00000236582	65
1682	ENSG00000236597	65
1683	ENSG00000236939	70
1684	ENSG00000237020	18
1685	ENSG00000237111	43
1686	ENSG00000237197	13
1687	ENSG00000237361	-3
1688	ENSG00000237400	5
1689	ENSG00000237476	13
1690	ENSG00000237541	-6
1691	ENSG00000237547	62
1692	ENSG00000237550	1
1693	ENSG00000237819	16
1694	ENSG00000237940	18
1695	ENSG00000237945	30
1696	ENSG00000237993	36
1697	ENSG00000238005	50
1698	ENSG00000238121	31
1699	ENSG00000238246	-6
1700	ENSG00000238266	67
1701	ENSG00000238304	17
1702	ENSG00000238447	15
1703	ENSG00000238482	23
1704	ENSG00000238610	-15
1705	ENSG00000238741	2
1706	ENSG00000238880	-6
1707	ENSG00000239002	-4
1708	ENSG00000239079	2
1709	ENSG00000239552	118
1710	ENSG00000239697	2
1711	ENSG00000239819	-35
1712	ENSG00000239830	0
1713	ENSG00000239839	10
1714	ENSG00000239855	-35
1715	ENSG00000239948	31
1716	ENSG00000239951	-29
1717	ENSG00000239961	10
1718	ENSG00000239998	16
1719	ENSG00000240382	-28
1720	ENSG00000240409	-9
1721	ENSG00000240583	-10
1722	ENSG00000240671	-21
1723	ENSG00000240864	-22
1724	ENSG00000241244	-26
1725	ENSG00000241294	-10
1726	ENSG00000241351	-29
1727	ENSG00000241525	-7
1728	ENSG00000241755	-28
1729	ENSG00000241859	16
1730	ENSG00000241911	27
1731	ENSG00000242119	8
1732	ENSG00000242193	46
1733	ENSG00000242197	9
1734	ENSG00000242258	17
1735	ENSG00000242341	30
1736	ENSG00000242550	14
1737	ENSG00000242574	13
1738	ENSG00000242810	26
1739	ENSG00000242887	21
1740	ENSG00000243193	27
1741	ENSG00000243238	-19
1742	ENSG00000243264	-32
1743	ENSG00000243289	41
1744	ENSG00000243290	-26
1745	ENSG00000243466	-28
1746	ENSG00000243478	34
1747	ENSG00000244040	72
1748	ENSG00000244273	49
1749	ENSG00000244301	28
1750	ENSG00000244437	-26
1751	ENSG00000244482	16
1752	ENSG00000244575	-23
1753	ENSG00000244620	25
1754	ENSG00000244682	5
1755	ENSG00000244720	31
1756	ENSG00000244734	7
1757	ENSG00000245688	25
1758	ENSG00000245694	54
1759	ENSG00000245848	24
1760	ENSG00000246082	31
1761	ENSG00000246985	9
1762	ENSG00000247081	106
1763	ENSG00000247134	7
1764	ENSG00000247627	-2
1765	ENSG00000247982	19
1766	ENSG00000248208	13
1767	ENSG00000248334	40
1768	ENSG00000248347	54
1769	ENSG00000248429	22
1770	ENSG00000248596	8
1771	ENSG00000249072	-8
1772	ENSG00000249119	-6
1773	ENSG00000249138	12
1774	ENSG00000249297	61
1775	ENSG00000249780	-17
1776	ENSG00000249790	-8
1777	ENSG00000249835	0
1778	ENSG00000250361	-9
1779	ENSG00000250510	-10
1780	ENSG00000250643	3
1781	ENSG00000250659	2
1782	ENSG00000250696	81
1783	ENSG00000250722	38
1784	ENSG00000250771	-5
1785	ENSG00000250893	8
1786	ENSG00000251002	33
1787	ENSG00000251039	-25
1788	ENSG00000251139	3
1789	ENSG00000251322	40
1790	ENSG00000251381	0
1791	ENSG00000251652	-17
1792	ENSG00000251692	40
1793	ENSG00000251706	17
1794	ENSG00000251728	0
1795	ENSG00000251767	80
1796	ENSG00000251799	-2
1797	ENSG00000251803	60
1798	ENSG00000251972	101
1799	ENSG00000251996	9
1800	ENSG00000252019	13
1801	ENSG00000252032	13
1802	ENSG00000252103	7
1803	ENSG00000252118	0
1804	ENSG00000252128	8
1805	ENSG00000252174	-8
1806	ENSG00000252220	24
1807	ENSG00000252222	15
1808	ENSG00000252393	6
1809	ENSG00000252438	10
1810	ENSG00000252489	26
1811	ENSG00000252633	18
1812	ENSG00000252684	10
1813	ENSG00000252692	50
1814	ENSG00000252723	-5
1815	ENSG00000252766	11
1816	ENSG00000252832	-3
1817	ENSG00000252908	16
1818	ENSG00000253187	162
1819	ENSG00000253250	37
1820	ENSG00000253291	19
1821	ENSG00000253293	161
1822	ENSG00000253409	-4
1823	ENSG00000253474	24
1824	ENSG00000253522	15
1825	ENSG00000253552	118
1826	ENSG00000253578	43
1827	ENSG00000253625	43
1828	ENSG00000253651	0
1829	ENSG00000253698	29
1830	ENSG00000253755	-37
1831	ENSG00000253853	-4
1832	ENSG00000253926	2
1833	ENSG00000253989	-4
1834	ENSG00000253998	-13
1835	ENSG00000254006	45
1836	ENSG00000254369	138
1837	ENSG00000254395	-27
1838	ENSG00000254415	-2
1839	ENSG00000254521	10
1840	ENSG00000254709	-28
1841	ENSG00000254774	35
1842	ENSG00000254859	-16
1843	ENSG00000254879	20
1844	ENSG00000254952	44
1845	ENSG00000255026	19
1846	ENSG00000255122	3
1847	ENSG00000255163	-1
1848	ENSG00000255186	22
1849	ENSG00000255201	25
1850	ENSG00000255310	6
1851	ENSG00000255354	3
1852	ENSG00000255518	16
1853	ENSG00000255557	25
1854	ENSG00000255587	9
1855	ENSG00000255833	27
1856	ENSG00000255972	6
1857	ENSG00000256271	14
1858	ENSG00000256400	-17
1859	ENSG00000256618	-12
1860	ENSG00000256912	-23
1861	ENSG00000256988	11
1862	ENSG00000257151	56
1863	ENSG00000257178	118
1864	ENSG00000257335	10
1865	ENSG00000257582	122
1866	ENSG00000257647	54
1867	ENSG00000257654	27
1868	ENSG00000257883	20
1869	ENSG00000258018	13
1870	ENSG00000258168	-1
1871	ENSG00000258227	44
1872	ENSG00000258810	22
1873	ENSG00000259042	37
1874	ENSG00000259079	20
1875	ENSG00000259162	14
1876	ENSG00000259188	3
1877	ENSG00000259207	16
1878	ENSG00000259536	2
1879	ENSG00000259668	32
1880	ENSG00000259674	12
1881	ENSG00000259834	40
1882	ENSG00000259985	68
1883	ENSG00000260027	44
1884	ENSG00000260077	20
1885	ENSG00000260182	24
1886	ENSG00000260197	5
1887	ENSG00000260244	5
1888	ENSG00000260401	21
1889	ENSG00000260418	58
1890	ENSG00000260510	24
1891	ENSG00000260685	50
1892	ENSG00000260978	4
1893	ENSG00000261172	29
1894	ENSG00000261222	0
1895	ENSG00000261245	12
1896	ENSG00000261349	-10
1897	ENSG00000261377	9
1898	ENSG00000262074	-11
1899	ENSG00000262154	-4
1900	ENSG00000262370	14
1901	ENSG00000262503	0
1902	ENSG00000262539	-15
1903	ENSG00000262636	43
1904	ENSG00000262823	-2
1905	ENSG00000262877	62
1906	ENSG00000262943	0
1907	ENSG00000263045	15
1908	ENSG00000263316	7
1909	ENSG00000263381	-11
1910	ENSG00000263413	45
1911	ENSG00000263499	33
1912	ENSG00000263503	-16
1913	ENSG00000263572	31
1914	ENSG00000263584	13
1915	ENSG00000263642	23
1916	ENSG00000263693	31
1917	ENSG00000263763	7
1918	ENSG00000263828	13
1919	ENSG00000263834	27
1920	ENSG00000264354	11
1921	ENSG00000264399	-3
1922	ENSG00000264493	4
1923	ENSG00000264750	39
1924	ENSG00000264773	10
1925	ENSG00000264781	33
1926	ENSG00000264941	90
1927	ENSG00000265135	11
1928	ENSG00000265160	11
1929	ENSG00000265185	-8
1930	ENSG00000265369	68
1931	ENSG00000265418	-6
1932	ENSG00000265432	21
1933	ENSG00000265470	15
1934	ENSG00000265527	-9
1935	ENSG00000265565	-3
1936	ENSG00000265612	49
1937	ENSG00000265657	101
1938	ENSG00000265658	-6
1939	ENSG00000265660	2
1940	ENSG00000265728	17
1941	ENSG00000265743	21
1942	ENSG00000265828	-1
1943	ENSG00000265894	3
1944	ENSG00000265957	39
1945	ENSG00000266017	12
1946	ENSG00000266100	27
1947	ENSG00000266145	32
1948	ENSG00000266146	61
1949	ENSG00000266180	5
1950	ENSG00000266189	38
1951	ENSG00000266274	15
1952	ENSG00000266305	4
1953	ENSG00000266392	49
1954	ENSG00000266421	9
1955	ENSG00000266533	42
1956	ENSG00000266559	17
1957	ENSG00000266891	6
1958	ENSG00000267129	17
1959	ENSG00000267174	20
1960	ENSG00000267203	39
1961	ENSG00000267218	13
1962	ENSG00000267453	40
1963	ENSG00000267519	20
1964	ENSG00000267793	21
1965	ENSG00000268081	8
1966	ENSG00000268117	9
1967	ENSG00000268364	52
1968	ENSG00000268433	-1
1969	ENSG00000268555	4
1970	ENSG00000268734	28
1971	ENSG00000268758	-3
1972	ENSG00000268849	15
1973	ENSG00000268903	9
1974	ENSG00000269019	15
1975	ENSG00000269028	-10
1976	ENSG00000269564	24
1977	ENSG00000269667	12
1978	ENSG00000269877	28
1979	ENSG00000269954	33
1980	ENSG00000269981	7
1981	ENSG00000270022	0
1982	ENSG00000270120	13
1983	ENSG00000270230	0
1984	ENSG00000270640	8
1985	ENSG00000270682	3
1986	ENSG00000270704	49
1987	ENSG00000270961	23
1988	ENSG00000271347	30
1989	ENSG00000271455	6
1990	ENSG00000271546	0
1991	ENSG00000271605	7
1992	ENSG00000271681	29
1993	ENSG00000271736	-11
1994	ENSG00000272168	25
1995	ENSG00000272438	11
1996	ENSG00000272486	-10
1997	ENSG00000272636	41
1998	ENSG00000272701	50
1999	ENSG00000273036	20
