county,state,cocaineDeath,year,fips,meanHouseholdSize,prevDisabled,gini,prevHispanic,medianAge,prevMedicaid,prevMinBachelors,prevBlack,prevWhite,perCapIncome,prevMen,nPop,prevPoverty,medianRentCostBurden,prevNoCar,totalJailAdmit,jailAdmit100k
Adams,CO,70,2010-2014,08001,2.95,10.39,0.40,38.40,33,19.15,21.62,2.98,52.48,24667,50.29,461558,14.14,30.9,5.37,82628,17901.975483037884
Alameda,CA,80,2010-2014,06001,2.77,9.23,0.47,22.61,37,16.88,42.12,11.54,33.31,36439,48.99,1559308,12.88,31.4,10.33,236340,15156.723367032044
Allegheny,PA,350,2010-2014,42003,2.26,13.01,0.49,1.74,41,15.31,36.94,12.84,79.97,32378,48.04,1229172,12.93,28.8,13.94,75597,6150.237721002431
Anne Arundel,MD,60,2010-2014,24003,2.66,9.50,0.41,6.66,39,10.93,37.57,15.31,71.22,41315,49.47,550269,5.90,29.2,4.18,39130,7111.06749607919
Arapahoe,CO,52.5,2010-2014,08005,2.59,9.13,0.46,18.56,36,13.75,39.37,9.82,62.62,33574,49.12,596684,11.66,31.6,5.46,92560,15512.398522501022
Atlantic,NJ,50,2010-2014,34001,2.65,12.76,0.45,17.75,41,18.15,24.36,14.66,57.50,27411,48.45,275325,15.20,35.4,14.04,48776,17715.790429492416
Baltimore,MD,83,2010-2014,24005,2.54,11.33,0.44,4.63,39,13.85,36.02,26.44,61.03,34701,47.30,817720,9.06,30.6,7.90,69680,8521.254219048085
Bergen,NJ,61.25,2010-2014,34003,2.71,8.36,0.48,17.40,41,8.84,46.14,5.29,60.29,43194,48.33,920456,7.48,31.0,8.45,47065,5113.226487740859
Berkeley,WV,60,2010-2014,54003,2.62,13.15,0.42,3.86,38,15.61,20.29,6.92,85.34,26516,49.31,107324,14.62,29.8,6.30,18508,17244.97782415862
Berks,PA,61.25,2010-2014,42011,2.60,13.15,0.43,17.60,40,17.70,22.73,4.08,75.38,26998,49.12,413016,14.31,32.1,9.29,36374,8806.922734228214
Bernalillo,NM,129,2010-2014,35001,2.51,12.71,0.47,48.47,36,22.29,32.31,2.53,40.76,26916,49.01,671429,18.59,31.4,6.37,227316,33855.55285815775
Bexar,TX,248,2010-2014,48029,2.86,13.27,0.46,59.00,33,19.34,26.50,6.93,29.63,24525,49.13,1789088,17.82,29.6,7.96,140047,7827.843012752866
Brevard,FL,70,2010-2014,12009,2.45,15.03,0.45,8.76,46,14.73,26.66,9.83,76.56,27360,48.89,548891,14.04,32.5,5.36,96148,17516.774733052644
Bristol,MA,126,2010-2014,25005,2.53,13.85,0.45,6.50,40,25.30,25.57,3.30,84.75,29173,48.41,551065,12.67,30.1,10.72,51584,9360.783210692023
Broward,FL,216,2010-2014,12011,2.69,11.31,0.48,26.45,40,15.43,30.17,26.58,41.36,28329,48.54,1815269,14.63,36.1,7.70,269697.5,14857.164420259478
Butler,OH,110,2010-2014,39017,2.67,11.34,0.44,4.23,36,13.54,28.05,7.49,83.34,27394,48.96,371154,13.78,30.4,5.58,90948,24504.114195185826
Cabell,WV,55,2010-2014,54011,2.31,19.84,0.50,1.25,39,20.23,26.42,4.58,90.50,23595,48.61,96826,22.55,31.8,13.37,12824.33,13244.717327990416
Charleston,SC,55,2010-2014,45019,2.42,10.65,0.50,5.21,36,14.39,39.98,28.74,62.82,31198,48.46,365674,18.06,34.0,8.31,155428,42504.525889179975
Chatham,GA,55,2010-2014,13051,2.55,11.61,0.47,5.81,34,14.66,32.27,39.46,49.99,25636,48.26,275303,19.34,33.0,8.13,93444,33942.238188468706
Clark,NV,182,2010-2014,32003,2.77,11.54,0.45,29.78,36,12.98,22.23,10.31,46.50,26040,50.19,2003613,15.75,30.8,8.50,627484,31317.62471095965
Clark,OH,50,2010-2014,39023,2.44,16.22,0.44,2.93,41,22.65,18.17,8.48,84.92,22941,48.40,137303,19.04,31.2,8.85,21554.5,15698.491657137864
Clermont,OH,75,2010-2014,39025,2.67,12.47,0.43,1.63,39,12.52,26.24,1.33,94.37,28708,49.39,199450,10.52,28.5,4.64,35474,17785.911255953873
Collier,FL,65,2010-2014,12021,2.61,11.39,0.53,26.34,48,13.53,32.31,6.56,64.81,37236,49.22,334474,14.36,33.4,6.00,54444,16277.49840047358
Contra Costa,CA,55,2010-2014,06013,2.82,10.44,0.46,24.77,39,14.72,39.44,8.61,46.57,38770,48.76,1081232,10.65,32.7,5.85,123084,11383.680838154994
Cook,IL,787,2010-2014,17031,2.65,10.34,0.50,24.51,36,20.48,35.26,23.88,43.36,30468,48.43,5227827,17.22,31.7,17.78,449956,8606.94127789615
Cumberland,NC,53.33333333333333,2010-2014,37051,2.56,14.20,0.44,10.36,31,19.14,22.92,35.32,46.06,23204,48.66,324002,17.36,29.9,6.31,60788,18761.61258263838
Cuyahoga,OH,344,2010-2014,39035,2.32,14.28,0.50,5.09,40,20.42,30.32,29.25,60.72,27892,47.55,1267513,18.54,31.5,13.72,267727,21122.22912112144
Dallas,TX,319,2010-2014,48113,2.78,9.47,0.50,38.80,33,19.61,28.73,21.79,32.01,27195,49.36,2448943,19.33,29.3,7.32,558220,22794.323918523216
Davidson,TN,147,2010-2014,47037,2.41,11.42,0.49,9.84,34,18.11,36.47,27.51,57.07,28971,48.25,648048,18.83,30.7,7.47,252330,38936.9305977335
DeKalb,GA,58,2010-2014,13089,2.62,9.81,0.49,9.28,35,16.87,40.29,53.17,29.69,28971,47.73,707185,19.59,32.9,9.28,191932,27140.281538776984
Denver,CO,97,2010-2014,08031,2.28,9.65,0.51,31.20,34,20.35,43.73,9.47,52.85,34423,49.99,633777,18.34,29.9,11.67,124540,19650.444872565586
District of Columbia,DC,164,2010-2014,11001,2.22,11.12,0.53,9.88,34,26.17,53.39,48.72,35.37,46502,47.34,633736,18.24,29.6,36.22,66300,10461.769569663078
DuPage,IL,72,2010-2014,17043,2.71,7.95,0.45,13.72,39,10.55,46.71,4.52,69.14,38931,49.03,926485,7.15,29.0,4.03,65858,7108.371965007529
Durham,NC,60,2010-2014,37063,2.37,10.21,0.48,13.42,34,15.76,45.60,37.24,42.08,29801,48.03,282422,18.09,30.6,8.94,65442,23171.707586519464
Dutchess,NY,70,2010-2014,36027,2.61,12.80,0.43,11.05,41,13.19,33.44,9.24,73.52,33962,49.74,297388,8.82,32.7,8.63,15292,5142.10391811371
Duval,FL,106,2010-2014,12031,2.58,12.67,0.47,8.12,36,18.42,26.47,29.02,55.64,26267,48.47,880750,17.45,33.3,8.35,171210,19439.11439114391
El Paso,CO,70,2010-2014,08041,2.62,11.44,0.44,15.70,34,14.33,35.25,5.64,71.06,29314,50.19,645707,12.52,30.3,4.83,109304,16927.80161900057
El Paso,TX,50,2010-2014,48141,3.14,12.80,0.47,81.44,31,24.19,20.75,2.96,13.39,18705,48.78,823862,23.43,30.2,7.82,160888,19528.513270426356
Erie,NY,81.25,2010-2014,36029,2.34,12.97,0.46,4.84,41,19.90,31.18,12.87,76.98,28512,48.33,920694,14.72,29.9,13.66,97273,10565.182351573922
Escambia,FL,55,2010-2014,12033,2.53,15.09,0.45,5.12,37,17.78,23.91,21.76,65.81,24014,49.67,304099,17.11,31.8,7.01,89363,29386.153851212926
Essex,MA,164,2010-2014,25009,2.58,11.52,0.48,17.62,41,23.39,37.24,2.85,74.42,36035,48.10,757395,11.27,31.3,10.88,64688,8540.853847728067
Essex,NJ,168,2010-2014,34013,2.77,12.03,0.54,21.32,37,20.72,32.34,38.98,32.37,32327,48.00,789616,17.19,33.3,22.93,116428,14744.888654738506
Fairfield,CT,90,2010-2014,09001,2.74,8.81,0.54,17.88,40,13.89,45.43,10.32,64.77,49688,48.68,934215,9.12,32.6,8.25,0,0
Fayette,KY,108.33333333333334,2010-2014,21067,2.35,11.33,0.49,6.84,34,13.58,40.24,14.24,72.63,29168,49.13,304473,19.31,31.0,8.53,110136,36172.665556551816
Fayette,PA,65,2010-2014,42051,2.42,18.38,0.44,0.93,44,22.61,13.91,3.93,92.55,21319,49.25,135376,19.03,28.0,9.00,13598,10044.6164755939
Forsyth,NC,60,2010-2014,37067,2.45,10.61,0.48,12.27,38,16.58,32.14,25.76,58.17,26670,47.48,358130,19.08,31.2,7.89,67236,18774.188143970066
Franklin,OH,316,2010-2014,39049,2.47,11.61,0.47,4.94,34,17.25,36.71,21.01,66.38,28807,48.69,1197592,17.98,29.3,8.38,183512,15323.415654079186
Fulton,GA,160,2010-2014,13121,2.50,9.35,0.54,7.71,35,14.84,48.58,43.52,40.57,36827,48.67,967100,17.83,30.9,12.00,514359.75,53185.787405645744
Galveston,TX,50,2010-2014,48167,2.65,12.46,0.46,23.17,37,13.02,28.29,13.17,58.51,31030,49.47,302276,13.48,30.4,6.18,99008,32754.1716841562
Genesee,MI,88.33333333333334,2010-2014,26049,2.49,16.10,0.45,3.15,39,28.38,19.15,20.22,72.55,22536,48.21,418654,21.24,35.4,9.11,68224,16296.034434162817
Greenville,SC,66,2010-2014,45045,2.57,11.43,0.48,8.47,38,15.03,31.56,18.01,69.72,27097,48.57,467087,15.80,29.2,6.85,109694,23484.70413434756
Guilford,NC,66.66666666666667,2010-2014,37081,2.44,10.62,0.48,7.38,37,16.42,33.65,32.58,53.00,26322,47.58,500899,17.88,30.7,7.47,107718,21504.93412843707
Hamilton,OH,223,2010-2014,39061,2.39,12.45,0.51,2.73,37,17.33,34.32,25.54,67.06,30062,48.05,803272,18.44,31.3,12.41,202332,25188.479120397573
Hampden,MA,72,2010-2014,25013,2.54,15.79,0.47,22.12,39,33.06,25.45,7.76,66.07,26249,48.17,466447,17.70,32.5,14.10,23608,5061.239540612331
Harris,TX,617,2010-2014,48201,2.89,9.23,0.50,41.37,33,18.96,28.98,18.50,32.08,28454,49.75,4269608,18.43,29.8,6.91,611884,14331.151712288343
Hartford,CT,114,2010-2014,09003,2.50,11.80,0.47,16.19,40,19.08,35.57,12.42,64.55,35307,48.43,897374,12.10,30.9,10.95,0,0
Hennepin,MN,78,2010-2014,27053,2.39,9.38,0.48,6.78,36,15.18,46.40,11.76,70.82,38125,49.20,1184091,12.92,29.5,10.38,215930,18235.92950203996
Hidalgo,TX,60,2010-2014,48215,3.61,13.46,0.49,90.91,29,30.41,16.42,0.41,7.44,14525,48.73,806447,34.59,33.1,6.75,103766,12867.05759956947
Hillsborough,FL,131,2010-2014,12057,2.64,11.66,0.48,25.70,36,18.03,29.77,15.67,52.36,27532,48.79,1279668,17.16,32.8,7.09,251368,19643.21996017717
Hillsborough,NH,60,2010-2014,33011,2.56,10.75,0.43,5.64,40,11.11,35.49,1.88,86.82,34767,49.53,402776,8.60,29.8,6.05,24908,6184.08246767434
Horry,SC,50,2010-2014,45051,2.43,15.56,0.45,6.14,43,17.60,22.90,13.53,77.08,23693,48.70,283280,18.88,33.9,5.54,69394,24496.611126800337
Hudson,NJ,70,2010-2014,34017,2.63,9.42,0.49,42.71,35,20.36,36.79,11.20,29.62,32678,49.62,654878,17.37,29.1,32.38,93912,14340.380956452958
Ingham,MI,58.33333333333333,2010-2014,26065,2.40,12.08,0.48,7.48,31,19.39,36.55,10.78,71.71,25010,48.54,282562,22.35,34.4,8.74,59774,21154.295340491644
Iredell,NC,50,2010-2014,37097,2.68,12.37,0.47,7.08,40,13.88,25.13,12.08,77.12,27125,49.21,162999,13.37,29.2,4.20,34320,21055.343897815324
Jackson,MO,69,2010-2014,29095,2.45,13.00,0.46,8.55,36,15.41,28.00,23.58,62.96,26328,48.34,678167,17.48,31.2,9.66,117078,17263.889278009694
Jefferson,AL,110,2010-2014,01073,2.48,14.53,0.50,3.81,37,18.40,30.33,42.12,51.21,26896,47.29,658834,18.70,32.5,8.00,400511,60790.882073481334
Jefferson,KY,68.75,2010-2014,21111,2.40,14.68,0.48,4.58,38,17.05,30.82,20.40,69.90,28464,48.23,751485,16.73,29.2,10.08,212420,28266.698603431872
Jefferson,TX,50,2010-2014,48245,2.55,14.73,0.49,18.09,36,20.11,17.99,33.34,43.39,23563,51.11,252466,21.31,31.3,9.29,109595,43409.805676804004
Kanawha,WV,62.5,2010-2014,54039,2.29,19.73,0.47,1.02,43,18.23,24.92,4.11,88.20,27913,48.10,191765,15.04,25.9,9.55,34608.3,18047.24532631085
Kane,IL,50,2010-2014,17089,3.01,7.86,0.43,31.05,36,17.37,31.82,5.26,58.46,30645,49.77,521874,11.54,32.1,4.82,39338,7537.834803036749
Kent,MI,50,2010-2014,26081,2.62,11.02,0.45,9.92,35,17.89,32.60,9.34,75.37,26436,49.06,615381,15.48,30.1,7.71,140062,22760.208716226207
Kent,RI,56.66666666666667,2010-2014,44003,2.39,13.96,0.44,3.74,43,14.16,30.11,1.31,90.59,34110,48.27,165253,8.83,30.7,6.30,0,0
King,WA,264,2010-2014,53033,2.44,9.59,0.47,9.17,37,12.37,47.06,6.00,63.49,40656,49.89,2008997,11.79,29.1,9.66,316552,15756.718402267401
Knox,TN,64,2010-2014,47093,2.37,12.69,0.48,3.69,37,14.75,34.51,9.03,83.28,28255,48.61,440732,15.31,30.4,6.62,132340,30027.31818883131
Lake,IL,93,2010-2014,17097,2.83,7.93,0.48,20.46,37,13.20,42.66,6.63,64.24,38459,49.90,703170,9.40,30.5,4.96,53505.45,7609.177012671188
Lake,OH,50,2010-2014,39085,2.41,11.31,0.42,3.70,43,10.90,25.97,3.56,90.05,29556,48.78,229602,9.19,29.3,5.80,27014,11765.576954904574
Lee,FL,78,2010-2014,12071,2.59,13.74,0.47,18.97,46,15.88,25.33,8.17,69.89,27578,49.04,647554,16.05,32.3,5.24,145756,22508.701976977984
Lorain,OH,70,2010-2014,39093,2.50,14.15,0.43,8.81,41,17.37,22.28,7.90,79.72,26487,49.22,302465,14.58,31.3,6.94,43940,14527.300679417454
Los Angeles,CA,320,2010-2014,06037,3.02,9.56,0.50,48.13,35,22.45,29.91,8.04,27.19,27987,49.26,9974203,18.39,35.4,9.78,854411.8,8566.216268106835
Lucas,OH,120,2010-2014,39095,2.40,14.92,0.48,6.42,38,22.20,24.17,18.53,70.34,24683,48.50,438167,21.11,32.0,10.84,110474,25212.761344418912
Macomb,MI,102,2010-2014,26099,2.51,13.56,0.42,2.38,41,16.38,23.08,9.75,82.12,27145,48.62,849344,12.76,31.3,6.68,99372,11699.853063069851
Madison,IL,55,2010-2014,17119,2.45,11.96,0.44,2.92,39,17.10,24.76,7.97,86.22,28093,48.90,267937,13.86,30.5,6.24,47580,17757.905776357875
Mahoning,OH,64,2010-2014,39099,2.34,15.79,0.46,5.03,43,20.74,21.50,15.02,77.13,23628,48.56,235809,17.88,31.3,9.16,28028,11885.890699676433
Manatee,FL,90,2010-2014,12081,2.48,13.41,0.46,15.30,46,15.02,27.54,8.68,72.58,27948,48.35,335840,14.88,33.8,5.30,77428,23055.026202953788
Maricopa,AZ,131,2010-2014,04013,2.74,10.20,0.46,29.92,35,17.96,29.96,4.88,57.79,27477,49.43,3947382,17.11,30.4,6.82,541840,13726.5661139459
Marion,IN,75,2010-2014,18097,2.50,13.37,0.47,9.59,34,22.14,27.74,26.70,58.59,24145,48.17,919336,21.01,32.5,9.52,289770,31519.487978279976
Mecklenburg,NC,95,2010-2014,37119,2.56,8.80,0.49,12.43,34,14.44,41.54,30.36,49.56,32817,48.21,968500,15.53,29.4,6.96,215384,22238.926174496646
Mercer,NJ,50,2010-2014,34021,2.66,10.02,0.49,15.89,38,14.29,39.79,19.58,52.93,38076,48.96,369526,11.67,31.6,11.83,24024,6501.301667541662
Miami-Dade,FL,178,2010-2014,12086,3.06,10.34,0.52,65.22,39,21.42,26.43,16.99,15.36,23433,48.53,2600861,20.51,39.5,11.34,415506,15975.709582326775
Middlesex,MA,196,2010-2014,25017,2.54,8.87,0.47,7.07,39,15.25,51.29,4.51,75.48,43667,48.74,1539832,8.41,28.7,10.63,22447,1457.7564305716467
Middlesex,NJ,68,2010-2014,34023,2.83,8.57,0.42,19.19,38,10.61,40.68,9.05,47.03,34616,49.15,824046,8.54,29.3,7.94,48672,5906.466386585215
Milwaukee,WI,234,2010-2014,55079,2.44,13.02,0.47,13.79,34,27.05,28.67,26.05,53.56,24622,48.28,953401,21.89,32.6,14.33,193076,20251.289855999734
Monmouth,NJ,78,2010-2014,34025,2.66,9.39,0.47,10.08,42,9.58,42.02,6.75,76.22,43548,48.64,629702,7.35,34.5,7.73,57330,9104.306481478541
Monroe,NY,108,2010-2014,36055,2.41,12.23,0.46,7.71,39,19.13,35.93,14.48,71.95,29170,48.30,748076,15.45,33.5,11.82,68380,9140.782487340857
Montgomery,OH,100,2010-2014,39113,2.32,15.30,0.46,2.45,39,19.71,24.77,20.59,72.20,25171,48.06,534801,18.50,31.5,9.91,141830,26520.14487631848
Montgomery,PA,86,2010-2014,42091,2.56,9.41,0.46,4.52,41,8.90,46.25,8.65,77.91,41699,48.55,809372,6.42,29.4,6.17,50674,6260.903515318049
Morris,NJ,60,2010-2014,34027,2.71,7.69,0.45,12.17,42,5.51,50.56,3.04,73.47,48928,48.98,497103,4.66,28.1,4.97,17602,3540.916067696232
Multnomah,OR,63.75,2010-2014,41051,2.40,12.58,0.48,11.02,36,17.78,40.30,5.36,71.63,31047,49.40,757371,18.51,32.9,13.83,190320,25129.0318747351
Muskegon,MI,60,2010-2014,26121,2.54,15.36,0.44,5.07,39,26.72,17.58,13.44,77.07,21037,49.59,171328,20.28,35.3,9.35,31673,18486.762233843856
Nassau,NY,177,2010-2014,36059,3.01,8.49,0.45,15.40,41,10.11,42.27,10.80,63.69,42949,48.44,1350601,6.29,34.0,7.87,68970,5106.6154993221535
New Castle,DE,75,2010-2014,10003,2.62,10.97,0.45,9.08,37,17.01,34.50,23.53,60.40,32616,48.38,545846,11.26,30.2,7.29,0,0
New Hanover,NC,55,2010-2014,37129,2.33,12.75,0.48,5.35,38,13.93,37.17,14.31,76.75,29742,48.27,209586,18.13,32.5,6.06,58944.5,28124.254482646742
New Haven,CT,145,2010-2014,09009,2.55,11.27,0.47,15.97,40,19.33,33.42,11.98,66.04,32794,48.20,863148,12.70,34.0,11.58,0,0
New London,CT,62.5,2010-2014,09011,2.44,12.27,0.43,9.26,41,17.47,31.48,5.27,77.15,34241,50.00,274071,9.12,29.3,7.18,0,0
New York,NY,276,2010-2014,36061,2.09,9.79,0.60,25.71,37,21.13,59.29,12.78,47.38,63610,47.13,1618398,17.74,28.5,78.25,408772,25257.81668044573
Norfolk,MA,94,2010-2014,25021,2.57,9.70,0.48,3.67,41,13.59,49.91,5.86,78.89,45375,47.91,682860,6.46,29.3,9.30,19474,2851.829071844888
Nueces,TX,65,2010-2014,48355,2.72,14.91,0.46,61.64,35,21.44,20.43,3.66,31.76,24875,49.15,348130,17.74,29.9,8.51,96174,27625.886881337432
Oakland,MI,50,2010-2014,26125,2.47,11.35,0.47,3.63,41,12.09,43.68,13.66,73.99,37089,48.53,1220798,10.42,28.8,5.71,101608,8323.08047686841
Ocean,NJ,62.5,2010-2014,34029,2.59,13.17,0.43,8.64,43,16.39,26.33,2.90,85.39,30951,48.01,581413,11.11,38.0,6.82,43810,7535.091234630116
Oklahoma,OK,70,2010-2014,40109,2.53,13.37,0.49,15.74,34,17.64,30.18,14.78,58.43,27114,48.92,743145,18.46,30.0,7.00,269313,36239.63022021274
Onondaga,NY,62,2010-2014,36067,2.43,11.72,0.46,4.33,39,18.84,33.49,10.66,78.39,29156,48.25,467846,15.24,30.2,12.79,72938.67,15590.31604416838
Orange,CA,68.33333333333333,2010-2014,06059,3.04,8.10,0.46,34.05,37,15.47,37.31,1.53,42.89,34416,49.41,3086331,12.85,34.0,4.84,376561.28,12200.936322124879
Orange,FL,159,2010-2014,12095,2.76,9.88,0.48,28.15,34,15.63,30.59,19.74,44.30,25052,49.21,1200241,17.75,35.3,6.45,255424,21281.05938723973
Orange,NY,50,2010-2014,36071,2.90,11.63,0.43,18.77,37,18.45,28.65,9.33,67.08,30561,50.04,374518,12.63,36.1,9.86,31850,8504.26414751761
Palm Beach,FL,119,2010-2014,12099,2.53,11.70,0.51,19.98,44,13.77,32.75,17.27,58.37,33072,48.37,1359074,14.56,36.1,6.61,208520,15342.799582657015
Passaic,NJ,68,2010-2014,34031,3.06,9.19,0.47,38.45,36,23.11,26.23,11.10,43.92,27795,48.63,505403,16.44,37.1,16.31,34450,6816.342601844469
Peoria,IL,60,2010-2014,17143,2.39,11.09,0.46,4.23,37,20.61,29.27,17.47,71.71,28414,48.42,187197,16.98,28.6,9.29,37821,20203.84942066379
Philadelphia,PA,139,2010-2014,42101,2.58,15.63,0.51,13.03,34,30.07,24.51,41.76,36.20,22542,47.22,1546920,26.68,34.7,32.77,184210,11908.17883277739
Pima,AZ,122,2010-2014,04019,2.50,13.71,0.47,35.38,38,20.88,30.07,3.24,54.14,25524,49.17,993144,19.05,32.0,8.56,183716,18498.425203193092
Pinellas,FL,72,2010-2014,12103,2.25,14.64,0.48,8.46,47,14.81,28.29,10.15,75.93,29617,47.95,925030,14.35,33.5,9.07,228878,24742.765099510285
Plymouth,MA,80,2010-2014,25023,2.71,11.25,0.44,3.41,42,18.98,33.98,8.37,83.49,35869,48.64,500772,7.69,32.4,6.58,33540,6697.658814789964
Polk,FL,61,2010-2014,12105,2.73,15.00,0.43,18.64,40,20.51,18.57,14.60,63.20,21157,49.00,617323,18.45,32.7,6.92,157014,25434.65900347144
Prince George's,MD,61.66666666666667,2010-2014,24033,2.83,8.47,0.40,15.87,36,16.20,30.37,62.88,14.51,32637,48.07,884764,9.75,31.3,9.78,70148,7928.441934798431
Providence,RI,191,2010-2014,44007,2.53,13.30,0.48,19.89,37,22.43,26.37,7.64,64.67,26690,48.39,629280,17.96,31.3,12.37,0,0
Ramsey,MN,55,2010-2014,27123,2.45,11.22,0.46,7.26,35,20.26,39.77,10.80,65.36,30076,48.57,521265,16.85,31.1,11.41,136916,26266.102654120266
Richland,SC,50,2010-2014,45079,2.51,11.39,0.46,4.93,33,16.42,36.17,45.55,44.61,25920,48.59,393707,17.24,32.4,6.92,100048,25411.79100193799
Rio Arriba,NM,85,2010-2014,35039,2.77,18.50,0.46,71.41,40,26.91,15.55,0.39,13.13,19483,49.18,40155,22.53,32.5,5.91,7853,19556.717718839496
Robeson,NC,50,2010-2014,37155,2.89,17.30,0.48,8.11,35,33.42,12.43,24.03,26.75,15460,48.49,134913,31.98,31.8,9.90,34736,25746.96285754523
Sacramento,CA,67.5,2010-2014,06067,2.74,12.86,0.45,22.06,35,22.84,28.24,9.68,47.33,27071,48.93,1450277,18.08,33.8,7.79,257530,17757.297399048595
Salt Lake,UT,119,2010-2014,49035,3.02,8.87,0.44,17.47,32,11.19,31.34,1.51,73.23,26747,50.24,1063670,12.94,30.0,5.85,163254,15348.181296830784
San Diego,CA,107,2010-2014,06073,2.85,9.46,0.47,32.66,35,15.05,35.10,4.73,47.46,31043,50.21,3183143,14.69,33.9,6.14,491634,15444.923460868706
San Francisco,CA,254,2010-2014,06075,2.32,10.46,0.52,15.26,39,16.81,52.92,5.51,41.42,49986,50.84,829072,13.28,28.1,30.40,125060,15084.335256769013
San Joaquin,CA,67.5,2010-2014,06077,3.15,11.68,0.45,39.73,33,26.07,18.10,6.74,34.85,22642,49.73,701050,19.37,34.5,7.06,128908,18387.846801226733
Santa Clara,CA,50,2010-2014,06085,2.94,7.72,0.46,26.75,37,14.86,47.32,2.44,34.07,42666,50.22,1841569,9.93,29.1,5.14,213382,11586.967417457614
Santa Fe,NM,55,2010-2014,35049,2.34,12.92,0.49,51.00,44,17.41,39.88,0.64,43.39,32454,48.73,146361,16.66,30.6,4.43,46306,31638.209632347414
Sarasota,FL,62,2010-2014,12115,2.21,15.52,0.48,8.37,54,11.78,31.14,4.39,84.03,33300,47.75,386944,11.82,32.1,5.88,68354,17665.0884882567
Seminole,FL,63.75,2010-2014,12117,2.90,10.38,0.45,18.26,39,12.05,34.97,10.70,64.80,28870,48.30,432135,11.62,32.5,3.60,77896,18025.848403855278
Shelby,TN,206,2010-2014,47157,2.66,12.60,0.50,5.80,35,21.80,29.76,52.28,37.82,25913,47.69,936130,21.29,34.5,9.39,331240,35383.974447993336
Snohomish,WA,85,2010-2014,53061,2.67,11.28,0.40,9.35,38,13.86,29.32,2.43,73.08,31782,50.15,735351,10.32,30.1,4.99,178074,24216.19063549244
St. Joseph,IN,55,2010-2014,18141,2.50,13.27,0.46,7.73,36,15.58,27.16,12.74,74.81,24039,48.38,266916,17.63,30.0,7.62,48570.5,18196.92337664284
St. Louis,MO,86,2010-2014,29189,2.44,11.43,0.49,2.62,40,10.53,41.36,23.21,68.15,35388,47.34,1000423,10.75,29.8,7.28,132730,13267.387894920448
Stark,OH,75,2010-2014,39151,2.44,13.39,0.44,1.76,42,17.52,21.47,7.03,87.40,24821,48.46,375090,15.01,29.1,7.56,50154,13371.190914180597
Suffolk,MA,170,2010-2014,25025,2.41,12.03,0.53,20.90,32,29.70,40.97,19.98,47.08,33522,48.24,747928,21.15,31.0,33.53,85904,11485.597544148635
Suffolk,NY,255,2010-2014,36103,2.96,9.06,0.43,17.41,40,11.70,33.51,7.09,70.27,37427,49.23,1500373,6.82,35.1,5.41,58734,3914.6265628613683
Summit,OH,70,2010-2014,39153,2.41,12.52,0.47,1.77,41,16.12,29.93,14.17,78.96,28389,48.39,541464,14.73,30.4,8.91,65832,12158.149018217278
Tarrant,TX,97,2010-2014,48439,2.79,10.04,0.46,27.31,34,15.02,29.73,14.92,50.49,28541,48.98,1881469,15.33,29.6,4.73,188110,9998.038766517015
Travis,TX,83,2010-2014,48453,2.55,8.76,0.49,33.68,33,14.19,45.16,7.99,50.05,33943,50.37,1092810,17.52,30.8,5.93,284778,26059.24177121366
Trumbull,OH,65,2010-2014,39155,2.35,14.71,0.43,1.51,43,18.81,17.42,8.19,87.83,23139,48.60,207596,17.28,30.1,7.56,31850,15342.299466271026
Tulsa,OK,50,2010-2014,40143,2.49,13.27,0.48,11.43,35,15.44,30.02,10.07,64.45,27995,48.74,616128,15.76,28.9,6.64,141666.5,22993.030668951906
Union,NJ,65,2010-2014,34039,2.90,8.94,0.49,28.81,38,15.44,32.27,20.37,43.17,35411,48.65,545236,11.06,33.2,11.22,34931,6406.583571150841
Utah,UT,55,2010-2014,49049,3.62,7.20,0.42,10.99,25,10.27,36.91,0.54,83.64,20973,50.24,540425,13.77,30.9,3.16,67744,12535.319424526991
Volusia,FL,80,2010-2014,12127,2.47,15.58,0.46,11.74,46,16.93,21.29,10.15,74.21,23844,48.73,498981,17.60,36.4,6.77,128700,25792.565247975373
Wake,NC,50,2010-2014,37183,2.62,7.63,0.44,9.89,35,10.67,48.27,20.43,61.40,33727,48.66,952513,11.28,28.5,4.55,164996,17322.178279981483
Washtenaw,MI,58.75,2010-2014,26161,2.44,8.51,0.47,4.26,33,11.86,51.76,11.92,71.36,34258,49.34,351454,15.18,32.1,8.62,42744,12162.04681124699
Wayne,MI,297,2010-2014,26163,2.65,16.03,0.49,5.45,38,27.78,21.65,39.50,49.77,22643,48.05,1790078,24.75,36.4,13.89,159967,8936.314506965618
Webb,TX,65,2010-2014,48479,3.74,12.63,0.48,95.42,28,29.65,17.02,0.27,3.59,14852,48.64,259471,32.00,34.6,8.27,43030,16583.741535662943
Westchester,NY,106,2010-2014,36119,2.73,8.86,0.53,22.83,40,13.54,46.04,13.32,56.05,48487,48.22,962319,9.57,33.0,14.51,47039,4888.0880456480645
Westmoreland,PA,55,2010-2014,42129,2.34,14.48,0.44,1.00,46,15.81,26.16,2.30,94.47,28654,48.72,362587,10.32,27.3,7.79,20254,5585.969712096683
Will,IL,80,2010-2014,17197,3.02,8.32,0.40,16.10,36,12.63,32.63,10.83,66.19,30791,49.64,682108,8.21,31.2,3.89,34576.5,5069.065309305858
Winnebago,IL,71.66666666666667,2010-2014,17201,2.53,13.06,0.45,11.50,39,22.71,21.67,12.24,71.60,24802,48.87,292026,17.49,30.2,8.07,86190,29514.49528466644
Worcester,MA,128,2010-2014,25027,2.60,11.44,0.45,9.98,40,21.74,34.14,4.03,79.66,32072,49.28,806804,11.56,29.8,8.86,33540,4157.1434945786095
Adams,CO,68.75,2015-2019,08001,10.85,10.39,0.41,40.03,3.00,34,23.09,24.27,3.20,50.02,30313,50.49,504108,32.3,4.68,92493.75,183192216.28045157
Alamance,NC,78.33333333333333,2015-2019,37001,16.13,13.49,0.45,12.56,2.46,39,19.19,24.84,19.39,64.06,27312,47.48,163324,29.5,5.07,40750,85825610.78348778
Alameda,CA,138,2015-2019,06001,9.91,9.19,0.46,22.39,2.82,38,19.76,47.42,10.33,31.41,47314,49.16,1656754,29.8,9.43,221648.75,450872152.1562246
Albany,NY,90,2015-2019,36001,11.87,11.29,0.46,5.97,2.29,38,18.83,41.82,11.50,72.17,37635,48.42,306968,29.1,13.41,34086.25,70397046.67492771
Allegheny,PA,975,2015-2019,42003,11.63,13.43,0.49,2.11,2.19,41,16.75,41.65,12.68,78.52,38709,48.32,1221744,27.5,13.17,89391.25,184998447.84768212
Allen,IN,148.33333333333334,2015-2019,18003,13.26,12.50,0.45,7.47,2.53,36,19.13,28.48,11.28,73.85,29160,48.87,372575,27.5,5.85,68763.75,140707489.25721303
Androscoggin,ME,50,2015-2019,23001,11.78,15.94,0.43,1.86,2.29,41,21.21,22.77,2.16,90.61,28956,48.86,107602,28.0,9.05,26000,53213262.38231683
Anne Arundel,MD,257,2015-2019,24003,5.79,10.74,0.41,7.81,2.64,38,12.76,41.75,16.31,68.22,46629,49.47,571275,28.9,3.63,28283.75,57173539.51890035
Arapahoe,CO,99,2015-2019,08005,8.09,9.00,0.45,19.23,2.66,37,16.92,42.75,10.49,60.28,40443,49.48,644560,31.3,4.88,85737.5,173277081.64915118
Atlantic,NJ,118,2015-2019,34001,13.33,13.68,0.47,18.85,2.61,42,22.53,28.13,14.01,56.40,33284,48.4,266105,34.3,13.05,36452.5,75315082.64462811
Baltimore,MD,486,2015-2019,24005,9.05,11.64,0.45,5.41,2.58,39,17.27,39.36,28.47,57.27,40105,47.4,828018,29.8,7.73,55393.75,116864451.47679326
Barnstable,MA,92.5,2015-2019,25001,6.43,13.33,0.45,3.10,2.23,53,21.19,43.42,2.85,89.27,44505,47.82,213496,32.7,4.73,12216.6875,25547234.42074446
Bay,FL,60,2015-2019,12005,14.59,19.48,0.44,6.49,2.52,40,19.09,23.72,10.83,76.12,29290,49.7,182161,30.5,5.93,66642.5,134089537.22334003
Bay,MI,50,2015-2019,26017,15.81,15.53,0.43,5.33,2.32,43,24.17,19.31,1.67,90.06,27469,49.12,104104,27.9,7.30,21233.75,43228318.4039088
Beaufort,SC,50,2015-2019,45013,10.22,13.46,0.48,11.09,2.53,46,13.56,41.16,17.51,67.92,38946,49.17,186095,31.2,4.24,24136.25,49087350.010168806
Beaver,PA,91.25,2015-2019,42007,11.02,16.16,0.43,1.60,2.29,45,20.70,24.71,5.73,89.47,31305,48.52,165833,27.1,8.50,16380,33759274.52596867
Bell,TX,50,2015-2019,48027,13.87,14.72,0.44,24.82,2.75,31,16.64,25.15,21.52,45.77,26677,49.87,348574,28.1,5.72,58072.5,116447764.18688591
Bergen,NJ,156,2015-2019,34003,6.65,7.95,0.48,19.91,2.71,42,10.59,49.35,5.29,56.56,51214,48.49,930390,29.2,8.29,36965,76232212.82738708
Berkeley,SC,65,2015-2019,45015,11.89,14.31,0.42,6.61,2.75,36,17.50,24.98,23.85,63.54,29662,49.75,215044,28.0,4.16,32456.25,65238693.46733668
Berkeley,WV,102.5,2015-2019,54003,12.18,15.42,0.40,4.40,2.60,39,21.76,21.24,7.40,83.90,29994,49.31,115329,27.8,4.92,17121.6625,34722495.43703102
Berks,PA,108.75,2015-2019,42011,12.00,13.68,0.44,21.03,2.62,40,20.66,24.90,4.24,71.70,31571,49.19,418025,30.3,8.35,32410,65887375.48282171
Berkshire,MA,80,2015-2019,25003,10.89,15.75,0.46,4.75,2.18,47,25.56,33.64,2.62,88.11,35616,48.37,126425,30.5,9.45,6272.5,12967748.604506927
Bernalillo,NM,121,2015-2019,35001,16.69,13.72,0.48,49.99,2.50,38,28.18,34.41,2.47,38.68,30734,49.01,677858,30.7,6.69,182246.875,371856508.87573963
Bexar,TX,250,2015-2019,48029,15.72,14.08,0.47,60.22,3.02,34,18.84,28.01,7.10,27.67,27834,49.37,1952843,29.8,7.16,285252.5,577785092.1612315
Brazoria,TX,50,2015-2019,48039,8.70,9.35,0.42,30.63,2.87,36,10.21,30.03,13.65,47.21,34561,50.55,360677,27.3,2.98,57836.25,114413946.5875371
Brevard,FL,253,2015-2019,12009,11.83,15.78,0.45,10.29,2.51,47,15.57,30.17,9.28,74.44,32176,48.92,585507,30.9,4.83,87300,178454619.787408
Bristol,MA,327,2015-2019,25005,11.33,14.02,0.46,7.99,2.50,41,27.74,28.66,3.94,81.28,35747,48.41,561037,28.3,10.63,31840,65771534.8068581
Broome,NY,70,2015-2019,36007,17.41,15.69,0.47,4.21,2.33,40,25.66,28.38,5.15,83.38,28699,49.21,193188,32.5,12.11,26462.5,53774639.30095509
Broward,FL,516,2015-2019,12011,13.07,10.83,0.49,29.81,2.77,40,16.84,32.41,27.57,36.28,32909,48.7,1926205,36.0,7.07,205702.5,422387063.6550308
Brunswick,NC,56.66666666666667,2015-2019,37019,11.77,16.38,0.45,4.81,2.34,54,16.68,29.86,9.68,81.91,33312,48.11,131815,30.2,3.77,45500,94574932.44647683
Bucks,PA,121.66666666666666,2015-2019,42017,5.87,10.81,0.45,5.32,2.58,44,10.82,41.29,3.86,84.06,45849,49.08,626806,30.0,4.88,26592.5,54181947.840260796
Buncombe,NC,98.75,2015-2019,37021,12.20,13.33,0.47,6.57,2.33,42,15.08,40.14,6.22,83.54,32426,47.97,256886,31.2,5.17,66080,137752762.14300606
Burlington,NJ,173.33333333333331,2015-2019,34005,6.15,11.77,0.43,8.04,2.61,42,12.82,38.02,16.04,67.43,43187,49.18,445702,29.6,4.62,30680,62383082.553883694
Butler,OH,227,2015-2019,39017,12.53,12.32,0.44,4.71,2.65,37,17.61,30.24,7.98,81.01,31921,49.01,380019,27.9,5.19,92693.75,189132319.93470722
Butler,PA,98.75,2015-2019,42019,8.24,12.71,0.44,1.49,2.37,43,12.79,35.97,0.90,94.69,37811,49.51,186899,26.5,6.40,12643.75,25537770.147444963
Cabarrus,NC,75,2015-2019,37025,10.22,10.48,0.43,10.44,2.84,38,15.11,32.29,17.45,65.59,32255,48.75,206615,26.9,4.36,27300,56000000
Cabell,WV,117,2015-2019,54011,22.30,18.43,0.51,1.40,2.31,39,26.80,26.04,4.86,89.85,25271,48.94,94339,33.9,12.25,13589.037499999999,27766729.668982424
Calhoun,MI,60,2015-2019,26025,16.43,15.43,0.44,5.24,2.41,40,24.91,21.04,10.37,77.52,26855,49.01,134212,29.9,8.71,52092.5,106289532.7484187
Cambria,PA,85,2015-2019,42021,15.40,18.61,0.43,1.63,2.23,45,23.92,21.12,3.17,92.71,26008,49.22,133009,28.5,10.69,15641.25,31778240.552620888
Camden,NJ,620,2015-2019,34007,12.24,13.53,0.47,16.77,2.67,39,21.86,32.45,18.26,56.67,35958,48.28,506738,32.3,10.98,63006.25,130501760.56338027
Campbell,KY,72.5,2015-2019,21037,13.50,12.15,0.46,2.05,2.43,38,15.93,36.32,3.20,92.30,34025,48.9,92861,28.5,7.43,40820,83476482.61758693
Cape May,NJ,50,2015-2019,34009,9.76,14.24,0.47,7.68,2.25,50,16.27,32.82,4.43,85.27,40389,48.87,93086,37.0,7.33,12955,26509105.790873747
Carroll,MD,101.66666666666666,2015-2019,24013,5.21,11.74,0.40,3.53,2.70,42,11.77,36.38,3.45,89.05,42083,49.47,167699,29.0,4.56,8837.5,17864362.23974126
Catawba,NC,60,2015-2019,37035,13.22,14.17,0.46,9.68,2.49,41,18.90,22.62,8.06,75.54,28224,48.92,157613,24.0,4.94,44460,90883074.40719542
Cecil,MD,58.33333333333333,2015-2019,24015,9.79,13.71,0.41,4.41,2.73,41,20.16,23.93,6.38,85.12,34810,49.75,102552,30.7,5.12,14040,28221105.52763819
Champaign,IL,52.5,2015-2019,17019,20.01,8.96,0.51,5.96,2.36,30,14.65,45.02,13.35,67.16,30578,49.84,209922,31.8,11.04,27220,54614767.25521669
Champaign,OH,50,2015-2019,39021,10.15,15.86,0.38,1.59,2.51,42,18.64,16.08,1.83,93.29,27722,49.84,38845,22.7,5.20,5855.7125,11749021.869983947
Charles,MD,56.66666666666667,2015-2019,24017,6.33,8.77,0.38,5.78,2.78,38,14.59,28.94,45.43,40.16,41717,48.16,159428,29.9,3.12,14560,30232558.139534887
Charleston,SC,113,2015-2019,45019,13.74,10.83,0.51,5.13,2.45,38,13.71,43.60,26.53,64.53,39914,48.44,401165,30.6,6.85,88550,182803468.2080925
Chatham,GA,50,2015-2019,13051,15.06,14.43,0.49,6.40,2.55,36,16.87,33.58,39.43,48.50,32229,48.14,288496,29.8,8.16,77955,161933942.6672206
Chautauqua,NY,50,2015-2019,36013,18.20,16.17,0.45,7.48,2.31,43,27.84,22.25,2.35,87.44,26165,49.31,128496,31.8,11.90,15076.25,30574427.09389576
Chester,PA,157.5,2015-2019,42029,6.44,8.89,0.46,7.41,2.65,40,9.88,52.99,5.61,79.44,50927,49.26,519560,27.7,4.53,25001.25,50753654.08038977
Chesterfield,VA,111.25,2015-2019,51041,6.79,10.91,0.41,8.83,2.72,39,10.29,40.47,22.74,61.79,37658,48.2,343551,29.1,2.82,68321.25,141745331.95020747
Chittenden,VT,50,2015-2019,50007,12.08,11.92,0.45,2.34,2.31,37,17.64,51.32,2.59,88.51,39062,49.07,162646,32.6,7.70,0,0
Clark,NV,196,2015-2019,32003,13.70,12.05,0.47,31.14,2.76,37,19.47,24.46,11.23,42.77,30704,49.92,2182004,30.8,8.07,569980,1141786858.974359
Clark,OH,133,2015-2019,39023,14.90,17.06,0.43,3.43,2.41,41,27.11,18.71,8.04,84.06,27066,48.42,134726,26.7,7.37,19421.25,40109975.21685254
Clay,FL,87.5,2015-2019,12019,10.24,13.52,0.42,9.93,2.83,40,15.49,24.95,10.28,72.74,30483,49.34,211405,29.5,3.08,26000,52695581.6781516
Clayton,GA,60,2015-2019,13063,18.57,10.78,0.41,13.22,2.95,33,26.04,19.52,68.33,10.07,20970,46.82,283538,30.9,7.71,97787.5,208858393.8487826
Clermont,OH,70,2015-2019,39025,8.97,13.66,0.44,1.94,2.59,40,15.95,28.63,1.41,93.52,34390,49.22,204275,26.6,4.77,32618.75,66271332.79154815
Cobb,GA,96,2015-2019,13067,9.10,8.70,0.45,12.98,2.64,37,10.52,47.38,26.72,51.91,40031,48.39,751218,28.1,3.52,147140,304071089.0679893
Collier,FL,114,2015-2019,12021,11.21,11.51,0.53,27.92,2.57,51,13.43,36.41,6.68,62.83,45567,49.25,371453,32.9,4.84,47126.25,95687817.25888325
Collin,TX,52.5,2015-2019,48085,6.29,6.91,0.43,15.27,2.84,37,6.61,52.35,9.63,56.96,44548,49.2,973977,27.1,2.78,101146.25,205581808.94308943
Columbiana,OH,70,2015-2019,39029,14.31,15.96,0.44,1.78,2.39,44,23.25,14.86,1.99,93.92,26469,50.49,103190,27.0,6.84,11180,22142998.61358685
Contra Costa,CA,105,2015-2019,06013,8.70,11.19,0.47,25.59,2.87,40,18.68,42.35,8.40,43.83,48178,48.89,1142251,31.3,5.24,124735,255133974.22785848
Cook,IL,1834,2015-2019,17031,14.37,10.21,0.51,25.29,2.59,37,22.20,38.81,23.07,42.29,37552,48.53,5198275,29.6,17.82,335866.25,692079641.4588914
Craven,NC,64,2015-2019,37049,15.22,16.37,0.45,7.29,2.36,37,18.05,25.25,21.37,65.88,29521,50.51,102491,28.7,6.36,17208.75,34069986.141358145
Cumberland,ME,106.25,2015-2019,23005,9.04,11.36,0.45,2.07,2.35,42,12.53,47.60,2.93,90.29,40527,48.51,292307,28.8,7.09,42900,88435374.14965987
Cumberland,NC,170,2015-2019,37051,18.37,17.50,0.45,11.58,2.53,31,23.26,25.50,35.97,43.46,24936,49.75,332861,31.3,6.76,61815,124251256.28140704
Cumberland,NJ,105,2015-2019,34011,16.49,14.27,0.47,30.71,2.74,38,30.30,15.57,18.10,46.41,25694,51.14,151906,37.5,10.12,29025.625,56757186.15565115
Cuyahoga,OH,893,2015-2019,39035,17.46,14.94,0.51,5.93,2.25,40,25.52,32.53,29.24,58.92,33114,47.67,1247451,29.3,12.85,275945.625,578866425.4247955
Dallas,TX,500,2015-2019,48113,15.36,9.46,0.50,40.18,2.78,33,19.21,31.48,22.26,29.13,32653,49.31,2606868,28.5,6.84,451777.5,916198539.849929
Dane,WI,101.25,2015-2019,55025,10.91,8.31,0.44,6.35,2.34,35,10.61,51.35,5.07,79.53,40614,49.7,536078,28.4,7.39,64450,129678068.41046277
Darke,OH,55,2015-2019,39037,10.51,13.69,0.41,1.57,2.44,42,18.38,15.79,0.75,96.08,27855,49.42,51513,22.6,4.91,5200,10522055.847834885
Davidson,NC,61.66666666666667,2015-2019,37057,15.40,15.61,0.43,7.11,2.45,43,18.97,18.48,9.15,80.18,25988,48.85,165381,28.5,5.49,31248.75,63968781.98567042
Davidson,TN,359,2015-2019,47037,14.88,11.51,0.48,10.23,2.36,34,18.16,41.70,26.93,56.20,36440,48.19,687488,28.9,6.57,213540,443120979.45631874
DeKalb,GA,131,2015-2019,13089,15.12,10.21,0.49,8.53,2.61,36,17.63,44.16,53.44,29.13,36077,47.28,749323,31.3,8.65,146342.5,309523054.14551604
Delaware,OH,57.5,2015-2019,39041,4.81,8.26,0.43,2.61,2.84,39,7.14,54.32,3.30,85.04,48117,49.57,201135,25.0,2.64,18980,38289287.87573129
Delaware,PA,261.25,2015-2019,42045,9.99,11.91,0.48,3.80,2.62,39,17.30,39.03,21.10,66.81,40026,48.12,564554,29.7,10.47,81948.75,170300810.47381547
Denton,TX,65,2015-2019,48121,7.64,7.95,0.43,19.30,2.83,36,7.87,45.10,9.58,59.25,41153,49.18,833822,28.2,2.56,61298.75,124641622.6108174
Denver,CO,113,2015-2019,08031,12.86,9.59,0.49,29.90,2.29,35,22.28,49.44,8.89,54.17,43770,50.07,705576,28.8,9.84,184438.75,368361793.48911524
District of Columbia,DC,470,2015-2019,11001,16.24,11.67,0.53,11.00,2.30,34,26.33,58.54,45.44,36.58,56147,47.45,692683,28.5,35.87,54008.75,113822444.67860906
Dorchester,SC,60,2015-2019,45035,12.10,12.98,0.43,5.38,2.83,37,17.50,28.20,24.82,64.21,29853,48.69,158299,29.5,3.49,15211.25,31241014.582049705
DuPage,IL,165,2015-2019,17043,6.37,8.04,0.45,14.27,2.67,39,10.80,49.39,4.70,66.90,46272,49.1,929060,28.5,4.14,51855,105610997.96334013
Durham,NC,108.75,2015-2019,37063,15.17,9.67,0.47,13.49,2.36,35,16.30,48.22,35.88,42.47,35398,47.79,311848,29.4,7.85,47713.75,99840447.7924252
Dutchess,NY,104,2015-2019,36027,9.04,12.71,0.45,12.19,2.54,42,17.42,35.05,9.80,71.47,40093,49.72,293754,32.7,7.80,15250,30671761.866452135
Duval,FL,567,2015-2019,12031,14.46,13.30,0.47,9.74,2.55,36,19.39,30.04,29.16,52.88,31327,48.5,936186,29.8,7.78,157827.5,325417525.7731959
El Paso,CO,92.5,2015-2019,08041,10.08,12.37,0.43,17.10,2.65,34,20.23,38.52,5.99,69.10,33728,50.49,698974,30.9,4.20,114815,227401465.63675976
El Paso,TX,92,2015-2019,48141,20.19,13.74,0.46,82.56,3.06,32,23.42,23.31,2.96,11.97,21683,49.24,836062,29.8,6.97,148722.5,302035946.3850528
Erie,NY,349,2015-2019,36029,14.20,13.24,0.47,5.50,2.29,40,23.24,34.36,13.01,75.49,33598,48.38,919355,29.7,13.21,77905,161027284.00165355
Erie,PA,100,2015-2019,42049,16.02,15.33,0.46,4.21,2.36,40,24.58,27.89,6.83,84.23,28306,49.39,273835,28.8,10.97,22013.75,44571269.48775055
Escambia,FL,101.66666666666666,2015-2019,12033,14.03,15.43,0.44,5.68,2.46,37,19.26,26.53,21.75,64.34,28022,49.49,313491,29.5,6.01,84338.75,170415740.5536472
Essex,MA,506,2015-2019,25009,10.36,11.82,0.48,20.93,2.60,41,25.96,39.85,3.22,70.29,42347,48.21,783676,32.3,10.57,56957.5,118144575.81414644
Essex,NJ,485,2015-2019,34013,15.80,11.24,0.56,23.03,2.71,38,23.94,35.46,38.45,30.55,38722,48.09,795404,32.7,22.38,82613.75,171789873.15450197
Fairfax,VA,110,2015-2019,51059,6.12,7.24,0.43,16.33,2.87,38,7.25,61.55,9.48,50.74,56231,49.58,1145862,28.3,4.22,91557.5,184666196.04679307
Fairfield,CT,221,2015-2019,09001,8.89,9.59,0.54,19.70,2.72,41,17.60,47.94,10.62,61.74,57263,48.69,943926,32.5,7.75,0,0
Fayette,KY,167,2015-2019,21067,16.81,12.41,0.49,7.19,2.37,35,19.28,43.65,14.45,71.00,34442,49.04,320601,29.2,7.89,81623.75,166443209.62479606
Fayette,PA,75,2015-2019,42051,17.27,19.72,0.47,1.23,2.30,45,26.23,17.28,4.15,91.76,27368,49.38,131302,28.6,8.13,9360,18955042.527339004
Florence,SC,65,2015-2019,45041,18.41,14.49,0.48,2.64,2.60,39,24.81,23.62,42.53,51.85,26127,46.77,138475,28.1,8.35,39000,83386786.40153944
Forsyth,NC,139,2015-2019,37067,16.84,10.28,0.50,12.81,2.48,38,19.08,34.00,25.67,56.69,30769,47.42,375195,29.5,7.42,58671.25,123726803.03669338
Fort Bend,TX,67.5,2015-2019,48157,7.41,7.21,0.43,24.50,3.19,36,10.29,46.22,20.12,33.09,39994,49.11,765394,29.2,2.22,75263.75,153255446.95581347
Franklin,OH,834,2015-2019,39049,15.71,11.31,0.47,5.52,2.47,34,21.00,40.05,22.30,63.01,33998,48.8,1290360,27.5,7.44,176130,360922131.147541
Franklin,PA,55,2015-2019,42055,9.25,14.34,0.41,5.64,2.51,42,15.99,21.62,3.50,88.08,31221,49.12,154147,25.3,5.63,11038.1375,22471778.298045605
Frederick,MD,91.66666666666666,2015-2019,24021,6.84,10.52,0.40,9.59,2.67,39,12.34,41.40,9.37,73.48,43582,49.28,251422,29.2,3.77,13738.75,27878956.980519477
Fresno,CA,55,2015-2019,06019,22.55,13.15,0.47,53.06,3.14,32,39.59,21.17,4.49,29.42,24422,49.89,984521,33.6,8.29,153281.25,307238424.53397477
Fulton,GA,316,2015-2019,13121,14.37,10.03,0.54,7.22,2.44,36,14.88,52.89,43.61,39.64,47163,48.4,1036200,29.4,10.77,477883.4375,987362474.1735537
Galveston,TX,76.25,2015-2019,48167,12.41,13.21,0.46,24.63,2.69,38,13.43,31.11,12.35,57.36,36819,49.23,332885,29.1,5.13,87807.5,178361771.27767622
Gaston,NC,90,2015-2019,37071,14.45,15.20,0.45,7.01,2.58,40,20.33,21.23,16.17,72.47,27352,48.23,219271,28.0,5.53,62920,130458221.02425878
Genesee,MI,270,2015-2019,26049,18.94,17.39,0.46,3.44,2.40,41,30.73,21.20,19.54,72.44,27295,48.22,407875,30.9,8.98,65657.5,136162380.75487348
Genesee,NY,50,2015-2019,36037,10.87,14.71,0.41,3.30,2.40,43,20.84,22.28,2.02,90.52,30511,50.06,57808,27.1,8.44,9880,19736316.420295645
Gloucester,NJ,305,2015-2019,34015,7.43,13.01,0.42,6.20,2.73,41,14.27,33.00,9.77,78.50,39337,48.56,291165,32.2,5.40,22880,47116968.6985173
Greene,OH,105,2015-2019,39057,11.60,13.10,0.44,2.84,2.40,38,16.48,39.20,6.72,83.81,35833,49.24,166502,26.1,4.54,21902.5,44481112.916328184
Greenville,SC,114,2015-2019,45045,11.46,12.58,0.47,9.15,2.57,38,15.34,35.07,17.46,68.34,32679,48.53,507003,27.5,5.81,104502.5,215335874.7166701
Guilford,NC,195,2015-2019,37081,15.80,11.27,0.48,7.97,2.49,37,18.50,36.03,33.53,50.35,30767,47.36,527868,29.4,6.43,97942.5,206804265.2027027
Gwinnett,GA,81.25,2015-2019,13135,10.68,6.87,0.43,21.17,3.10,35,14.75,36.93,27.02,37.29,30636,48.85,915046,30.8,3.21,148046.25,303062947.79938585
Halifax,NC,50,2015-2019,37083,25.80,18.46,0.50,2.88,2.37,43,28.82,14.45,52.61,38.40,21848,48.36,51190,32.7,11.36,17680,36559139.78494624
Hamilton,IN,52.5,2015-2019,18057,4.58,7.91,0.44,4.00,2.68,37,5.75,59.32,3.89,83.67,49287,48.81,323117,24.9,2.34,33561.25,68758963.32718705
Hamilton,OH,672,2015-2019,39061,15.76,12.07,0.50,3.30,2.33,37,20.25,37.92,25.39,65.21,35570,48.27,813589,28.7,11.32,154915,320934327.73979694
Hamilton,TN,80,2015-2019,47065,12.83,14.63,0.48,5.65,2.41,40,15.90,32.18,18.92,71.09,32839,48.27,360919,29.5,6.48,128246.25,265685208.20385328
Hampden,MA,236,2015-2019,25013,16.39,15.79,0.47,25.17,2.53,39,35.02,27.13,7.72,62.74,30346,48.3,467871,32.2,13.23,29352.5,60771221.5320911
Hampshire,MA,70,2015-2019,25015,12.16,10.68,0.45,5.62,2.35,37,17.23,48.33,2.50,83.70,34838,46.76,161032,31.8,7.54,9190,19653550.0427716
Hanover,VA,50,2015-2019,51085,5.29,10.50,0.40,2.98,2.66,43,7.28,39.77,8.93,83.82,41200,49.02,105537,24.9,2.57,25761.875,52553804.56956344
Harford,MD,122.5,2015-2019,24025,7.18,11.37,0.41,4.56,2.67,41,14.19,36.70,13.47,76.08,41147,48.98,252222,29.0,4.93,20540,41935483.870967746
Harnett,NC,60,2015-2019,37085,15.80,13.26,0.41,12.77,2.84,34,21.20,21.86,20.41,61.34,23767,49.57,132283,28.9,4.88,86060,173613072.4228364
Harris,TX,1097,2015-2019,48201,15.71,9.22,0.50,42.94,2.87,34,18.91,31.45,18.57,29.59,32765,49.69,4646630,30.0,5.98,525621.25,1057800865.3652647
Hartford,CT,400,2015-2019,09003,10.80,11.76,0.47,18.03,2.48,40,21.83,38.11,12.94,61.06,40540,48.57,893561,29.9,10.29,0,0
Hennepin,MN,141,2015-2019,27053,10.45,9.98,0.48,6.92,2.40,37,17.77,50.06,13.03,68.83,45768,49.45,1245837,28.2,9.61,188971.25,382146107.1789686
Henrico,VA,103.75,2015-2019,51087,9.15,11.14,0.46,5.65,2.53,39,11.33,43.72,29.45,53.08,39516,47.4,327535,29.2,5.47,67154.6,141676371.3080169
Hernando,FL,60,2015-2019,12053,14.10,19.56,0.43,13.51,2.44,49,21.05,18.44,4.89,77.55,25860,48.01,186313,32.2,4.49,30327.5,63169131.43095189
Hidalgo,TX,72.5,2015-2019,48215,29.69,12.95,0.49,92.18,3.55,29,29.82,18.71,0.42,6.14,17175,48.98,855176,31.4,6.24,98562.5,201230093.91588405
Hillsborough,FL,251,2015-2019,12057,14.56,11.62,0.48,28.67,2.66,37,18.55,33.52,15.59,48.79,32343,48.87,1422278,31.1,6.53,210096.25,429908430.5299775
Hillsborough,NH,124,2015-2019,33011,7.77,11.77,0.43,6.77,2.51,41,13.61,38.11,2.34,84.45,40955,49.73,413035,28.7,5.69,28380,57068168.10778203
Honolulu,HI,55,2015-2019,15003,8.30,10.93,0.43,9.85,3.03,38,15.48,35.00,2.25,18.37,36816,50.37,984821,33.6,9.66,0,0
Horry,SC,148,2015-2019,45051,15.01,16.77,0.44,6.04,2.50,46,19.30,23.65,13.14,77.29,28202,48.25,332172,31.2,4.49,71848.125,148908031.0880829
Howard,MD,71.66666666666667,2015-2019,24027,5.00,7.91,0.41,6.90,2.77,39,11.09,62.56,18.50,52.02,54628,48.91,318855,27.4,3.80,15962.5,32636475.158454306
Hudson,NJ,186,2015-2019,34017,15.25,9.15,0.50,43.08,2.56,35,24.06,42.28,10.54,28.79,40740,49.72,670046,28.1,32.56,55993.75,112618161.7055511
Ingham,MI,112,2015-2019,26065,19.62,13.04,0.47,7.80,2.41,32,21.08,38.86,11.11,69.62,29380,48.72,290587,30.7,8.72,44779.375,91911689.24466339
Iredell,NC,55,2015-2019,37097,10.92,12.66,0.47,7.63,2.63,41,15.60,28.43,11.88,75.98,33194,49.23,175538,26.7,3.46,34320,69713589.27483241
Jackson,MO,109,2015-2019,29095,14.65,13.24,0.46,8.98,2.39,37,15.03,31.64,23.14,62.19,31480,48.35,696216,28.4,8.90,88880,183826266.80455014
Jefferson,AL,211,2015-2019,01073,16.02,15.43,0.50,3.87,2.47,38,19.22,33.38,42.80,49.89,32098,47.3,659680,29.9,7.73,368930,779978858.3509514
Jefferson,CO,50,2015-2019,08059,7.10,10.04,0.43,15.37,2.44,40,13.08,45.17,1.07,78.12,44119,49.83,574798,30.7,3.88,112890,226550270.92113188
Jefferson,KY,150,2015-2019,21111,14.24,14.07,0.48,5.44,2.40,38,23.01,33.44,21.46,67.45,33251,48.34,767419,27.8,9.42,162168.75,335475279.27182454
Jefferson,OH,51.66666666666667,2015-2019,39081,17.49,17.59,0.46,1.46,2.33,45,24.33,15.82,5.39,90.33,26391,48.63,66371,28.4,9.49,14040,28871067.242442932
Jefferson,TX,55,2015-2019,48245,17.66,14.49,0.48,20.72,2.56,36,18.79,19.65,33.46,40.59,27094,51.13,254340,28.6,7.31,88421.25,172934187.3655388
Jefferson,WV,62.5,2015-2019,54037,9.72,12.93,0.41,5.74,2.64,41,17.90,31.81,6.12,83.21,36305,49.5,56506,28.4,3.97,8416.9625,17003964.646464646
Johnston,NC,52.5,2015-2019,37101,12.53,13.40,0.42,13.60,2.83,38,18.14,22.85,15.45,67.80,27924,49.19,196870,29.3,4.18,47580,96726977.0278512
Kanawha,WV,61.25,2015-2019,54039,17.19,17.60,0.48,1.11,2.28,43,27.06,25.46,7.13,87.72,29253,48.19,183279,28.0,11.12,30710.6875,63728340.94210417
Kane,IL,107.5,2015-2019,17089,9.40,8.63,0.44,31.87,2.93,37,17.08,33.14,5.29,57.05,36270,49.79,531376,29.9,4.52,31370,63004619.40148624
Kankakee,IL,56.66666666666667,2015-2019,17091,14.17,13.34,0.43,10.40,2.64,38,22.17,20.77,15.11,71.97,27984,49.23,110637,30.0,8.11,17187.5,34912654.88523258
Kennebec,ME,73.33333333333333,2015-2019,23011,12.81,16.58,0.44,1.56,2.26,44,20.29,28.05,0.76,94.58,30685,48.79,121753,28.6,8.10,19240,39434310.30948965
Kenosha,WI,55,2015-2019,55059,12.31,12.46,0.44,13.07,2.56,39,18.92,26.14,7.22,75.83,32298,49.46,168524,28.4,6.26,40298.75,81477456.53052972
Kent,DE,98.33333333333334,2015-2019,10001,13.52,15.35,0.43,7.07,2.61,38,24.23,23.74,25.10,61.59,28845,48.22,176699,32.7,6.65,0,0
Kent,MI,146,2015-2019,26081,11.72,11.24,0.46,10.57,2.63,35,19.34,35.72,9.23,73.75,32524,49.27,648121,28.7,6.90,118303.75,240113152.01948446
Kent,RI,82,2015-2019,44003,7.60,14.72,0.44,4.98,2.34,44,17.20,33.28,1.61,88.33,39869,48.39,163869,28.7,5.99,0,0
Kenton,KY,80,2015-2019,21117,11.48,13.84,0.44,3.23,2.55,37,18.50,31.70,4.55,88.52,33330,49.46,165668,25.4,7.78,53125,107410028.30570157
Kern,CA,71.66666666666667,2015-2019,06029,21.00,11.11,0.47,53.33,3.17,32,39.39,16.38,5.16,34.16,23326,51.24,887641,32.8,6.87,167235,326375878.2201405
King,WA,334,2015-2019,53033,8.94,9.46,0.47,9.67,2.45,37,15.09,52.49,6.28,59.61,52462,50.13,2195502,28.1,10.30,369378.75,736841711.54997
Knox,TN,193,2015-2019,47093,14.54,12.08,0.48,4.27,2.40,37,15.91,37.65,8.65,82.27,33229,48.62,461104,29.0,5.93,118976.25,244706396.54463184
Lackawanna,PA,70,2015-2019,42069,14.70,15.43,0.46,7.52,2.32,42,22.04,28.30,2.58,85.20,29899,48.5,210652,27.7,9.88,24211.25,49920103.0927835
Lake,FL,100,2015-2019,12069,11.99,16.63,0.42,15.60,2.55,47,16.54,24.00,10.16,69.70,28348,48.47,345867,32.6,4.90,53172.5,109701877.44996907
Lake,IL,97,2015-2019,17097,7.93,9.12,0.48,21.69,2.78,38,13.72,45.32,6.55,61.64,45766,49.96,701473,29.1,5.05,41573.75,83214071.2570056
Lake,IN,167.5,2015-2019,18089,15.57,13.62,0.45,18.98,2.57,39,21.37,22.57,23.38,54.12,28923,48.37,485707,29.4,8.50,43865,90686375.85280132
Lake,OH,114,2015-2019,39085,8.08,13.43,0.41,4.38,2.35,44,13.41,27.39,4.14,88.23,34409,48.88,229954,26.5,4.56,23568.75,48217573.649754494
Lancaster,PA,60,2015-2019,42071,10.15,11.72,0.43,10.48,2.63,39,16.45,27.27,3.49,81.98,32194,48.98,540999,29.0,10.08,28343.75,57868007.34993875
Lancaster,SC,50,2015-2019,45057,13.43,13.21,0.47,5.38,2.66,42,17.19,26.87,20.79,70.15,30742,48.21,92308,29.5,4.86,17420,36133582.24434765
Lapeer,MI,55,2015-2019,26087,10.08,13.70,0.42,4.67,2.56,44,19.33,18.26,1.26,91.77,30344,50.93,88038,30.8,4.40,9620,18888670.724523857
LaSalle,IL,50,2015-2019,17099,13.35,13.62,0.43,9.71,2.36,42,20.99,17.84,2.58,85.44,30277,50.34,109737,28.3,6.25,15080,29956297.179181565
Lawrence,PA,87.5,2015-2019,42073,13.79,18.23,0.46,1.45,2.28,45,23.64,22.05,3.58,91.98,28926,48.37,86727,31.0,8.24,6875,14213355.385569569
Lee,FL,269,2015-2019,12071,13.09,13.93,0.48,21.38,2.64,49,16.65,28.24,8.15,67.19,33543,48.98,737468,31.7,4.79,123505,252153940.38383016
Lee,NC,52.5,2015-2019,37105,16.09,16.21,0.44,19.15,2.72,39,22.61,21.49,19.50,58.13,24842,48.46,60481,27.5,5.54,15080,31118448.204704914
Lehigh,PA,67.5,2015-2019,42077,12.49,13.46,0.46,24.48,2.56,39,21.87,29.89,5.57,64.42,33566,48.92,365052,31.3,8.68,30146.25,61623569.092395745
Lexington,SC,60,2015-2019,45063,12.54,13.60,0.44,6.01,2.54,39,16.29,30.37,14.66,74.85,31671,48.7,290278,29.4,5.00,55445,113850102.6694045
Litchfield,CT,91.66666666666666,2015-2019,09005,6.91,11.76,0.46,6.28,2.41,47,17.58,35.40,1.48,88.42,44480,49.51,182002,29.9,5.10,0,0
Livingston,MI,50,2015-2019,26093,5.21,10.63,0.41,2.44,2.62,44,10.86,35.39,0.58,94.34,40351,50.16,189754,28.2,3.09,12740,25398724.08293461
Livingston,NY,50,2015-2019,36051,13.18,12.72,0.42,3.66,2.37,41,19.31,26.45,2.58,90.76,28701,50.32,63591,32.8,7.27,5200,10333863.275039745
Lorain,OH,233,2015-2019,39093,13.48,14.50,0.45,9.95,2.48,42,19.30,24.88,7.87,78.21,30928,49.23,307670,29.9,6.76,43940,89254519.6018688
Los Angeles,CA,722,2015-2019,06037,14.91,9.91,0.50,48.49,2.99,37,28.99,32.54,7.84,26.20,34156,49.29,10081570,34.0,8.82,759932.5,1541757963.0756745
Lucas,OH,197,2015-2019,39095,18.72,15.53,0.49,7.10,2.34,38,26.29,26.28,18.79,68.63,29226,48.46,431102,28.3,10.24,82896.25,171061184.48204705
Luzerne,PA,90,2015-2019,42079,14.74,15.80,0.45,11.90,2.37,43,22.67,22.88,3.72,81.53,28972,49.43,317663,27.3,10.47,22727.5,45979162.451952256
Lycoming,PA,50,2015-2019,42081,13.62,15.33,0.43,2.00,2.37,42,21.84,23.37,4.88,90.63,27950,49.04,114330,29.4,8.71,10140,20676998.36867863
Macomb,MI,321,2015-2019,26099,10.56,14.02,0.42,2.62,2.49,41,19.62,24.85,11.63,79.03,32238,48.69,870325,29.3,6.06,85088.75,174756110.08420622
Macon,IL,53.75,2015-2019,17115,16.96,15.06,0.47,2.28,2.32,41,24.89,22.09,14.68,76.26,29644,47.94,105528,29.6,9.17,24698.75,51520129.328327075
Madison,IL,50,2015-2019,17119,13.24,14.50,0.44,3.26,2.41,40,18.41,26.83,8.54,85.07,32427,48.74,264776,29.6,6.37,47580,97620024.62043495
Mahoning,OH,203,2015-2019,39099,17.51,15.37,0.47,6.00,2.27,44,26.70,24.19,14.63,75.95,28378,48.83,229961,29.1,8.51,29142.5,59681548.22854803
Manatee,FL,234,2015-2019,12081,11.75,14.14,0.47,16.41,2.61,48,15.47,29.78,8.51,71.18,33853,48.36,384213,32.0,4.52,50353.75,104122725.3928867
Maricopa,AZ,428,2015-2019,04013,13.77,11.18,0.46,30.99,2.75,36,19.74,32.70,5.31,55.24,33279,49.45,4328810,29.1,5.94,485768.75,982343276.0364003
Marion,FL,143.75,2015-2019,12083,16.09,17.86,0.45,13.20,2.47,49,21.82,20.11,12.48,70.33,25839,47.99,353526,29.9,5.19,56338.75,117396853.51114815
Marion,IN,286,2015-2019,18097,17.80,13.33,0.48,10.39,2.51,34,24.18,30.88,27.64,55.25,28566,48.19,951869,31.1,9.09,134896.25,279925814.48433286
McHenry,IL,67.5,2015-2019,17111,6.97,9.56,0.40,13.09,2.72,40,11.52,34.44,1.37,81.08,39006,49.82,307714,28.9,3.91,32676.25,65588619.02850261
McLean,IL,50,2015-2019,17113,14.94,9.38,0.47,4.92,2.50,33,12.95,44.83,8.26,79.47,34532,48.6,172578,26.7,6.17,38480,79176954.73251028
Mecklenburg,NC,330,2015-2019,37119,11.57,7.97,0.49,13.26,2.58,35,15.03,45.38,31.02,46.83,38819,48.07,1074475,28.4,5.74,121296.25,252332535.88516745
Medina,OH,50,2015-2019,39103,6.03,11.00,0.41,2.11,2.56,42,10.69,33.92,1.44,93.83,37788,49.61,177980,26.3,4.12,16900,34065712.557952024
Mercer,NJ,119,2015-2019,34021,11.64,9.86,0.50,17.53,2.70,39,17.57,42.61,19.85,49.71,43086,48.88,367922,31.1,11.16,26457.5,54127454.99181669
Mercer,PA,65,2015-2019,42085,13.90,17.67,0.43,1.50,2.25,45,22.79,22.75,5.61,90.18,27639,49.28,111518,27.6,9.99,9042.5,18349228.896103896
Mercer,WV,60,2015-2019,54055,19.79,26.65,0.44,1.18,2.33,43,33.57,19.43,6.19,90.29,22212,47.43,59919,31.1,10.00,10442.0875,22015786.42209572
Miami,OH,60,2015-2019,39109,9.15,13.84,0.43,1.68,2.54,41,16.48,23.29,2.02,92.29,31254,49.45,105371,25.1,5.46,13431.25,27161274.014155716
Miami-Dade,FL,659,2015-2019,12086,17.09,10.10,0.52,68.49,3.00,40,23.83,29.79,15.79,13.19,28224,48.58,2699428,38.1,10.33,294805,606844380.4034582
Middlesex,CT,70,2015-2019,09007,6.94,10.97,0.45,6.19,2.34,46,14.92,42.15,4.94,83.90,46023,48.84,163053,30.7,5.49,0,0
Middlesex,MA,524,2015-2019,25017,7.44,9.28,0.46,7.99,2.55,39,16.38,56.28,4.99,71.85,52228,48.92,1600842,28.0,10.49,28447.5,58151062.959934585
Middlesex,NJ,182,2015-2019,34023,8.49,9.33,0.43,21.16,2.79,39,13.76,43.56,9.53,43.06,39599,49.3,825920,29.0,7.98,39273.75,79662778.90466532
Milwaukee,WI,611,2015-2019,55079,18.97,12.55,0.48,15.00,2.43,35,27.31,30.97,26.06,51.24,29270,48.41,951226,30.0,13.40,165976.25,342855298.49204713
Mobile,AL,50,2015-2019,01097,18.78,14.14,0.48,2.90,2.60,38,22.81,23.20,35.54,56.89,25861,47.66,414114,31.6,7.12,34870,73164078.89215276
Monmouth,NJ,164,2015-2019,34025,6.94,10.10,0.48,10.80,2.61,43,11.57,46.04,6.71,75.24,51700,48.62,621659,32.9,6.92,42918.75,88273858.49444674
Monroe,FL,85,2015-2019,12087,10.95,10.34,0.50,24.33,2.30,48,12.19,34.40,6.70,66.26,46028,52.1,75798,34.0,7.87,24152.5,46357965.45105566
Monroe,MI,61.25,2015-2019,26115,11.12,14.14,0.42,3.58,2.47,43,16.88,20.51,2.35,91.30,31481,49.34,149727,30.7,5.89,43160,87474665.58573166
Monroe,NY,432,2015-2019,36055,14.39,13.88,0.46,8.77,2.37,39,23.38,38.63,14.48,70.57,33840,48.26,743341,31.9,11.30,58848.75,121941048.48736012
Montgomery,MD,125,2015-2019,24031,6.83,8.08,0.46,19.53,2.79,39,14.26,58.86,17.92,43.82,54510,48.31,1043530,30.3,7.67,33600,69550817.63610017
Montgomery,OH,508,2015-2019,39113,16.65,15.50,0.47,3.00,2.29,39,23.72,27.88,20.28,70.72,30034,48.13,531670,28.1,9.53,123745,257105755.24620816
Montgomery,PA,171,2015-2019,42091,5.92,10.00,0.47,5.14,2.53,41,10.59,49.28,8.99,75.78,48845,48.6,823823,28.2,5.87,54346.25,111823559.67078188
Montgomery,TX,80,2015-2019,48339,9.25,9.94,0.48,24.14,2.87,37,11.51,34.53,4.80,66.02,41211,49.5,571949,27.0,3.21,101037.5,204116161.6161616
Moore,NC,60,2015-2019,37125,11.33,15.71,0.46,6.73,2.41,44,15.03,37.43,12.30,77.08,34606,48.17,97294,25.7,4.41,23920,49657463.151339
Morris,NJ,114,2015-2019,34027,4.78,8.44,0.46,13.31,2.66,43,7.99,54.06,3.18,71.39,58109,49.08,493379,27.2,4.74,14566.25,29678585.982070092
Multnomah,OR,113.75,2015-2019,41051,13.79,12.49,0.47,11.59,2.41,37,21.59,45.86,5.31,69.69,39245,49.53,804606,30.7,12.88,162692.5,328472642.8427216
Muskegon,MI,58.33333333333333,2015-2019,26121,15.46,15.26,0.44,5.66,2.53,39,26.81,19.72,13.50,76.37,25435,49.72,173297,30.8,7.63,43081.25,86647727.27272728
Muskingum,OH,50,2015-2019,39119,16.04,15.58,0.45,1.12,2.48,40,27.17,16.09,3.13,91.40,25148,48.43,86131,30.2,6.76,26103.75,53899958.70328309
Nash,NC,50,2015-2019,37127,15.16,17.09,0.47,6.99,2.48,42,22.86,20.77,39.21,49.88,27406,47.94,94030,29.7,7.93,37440,78097622.02753443
Nassau,NY,277,2015-2019,36059,5.56,8.40,0.46,16.90,2.99,42,12.96,45.96,11.15,59.98,51422,48.66,1356509,32.7,6.88,55100,113234689.6835183
New Castle,DE,312,2015-2019,10003,11.38,11.27,0.46,9.94,2.62,38,18.50,36.16,24.55,57.44,37532,48.4,556165,28.6,6.68,0,0
New Hanover,NC,85,2015-2019,37129,16.02,12.47,0.49,5.55,2.31,39,14.03,40.59,13.45,77.11,34288,47.73,227938,31.8,6.49,59261.25,124159333.75235702
New Haven,CT,392,2015-2019,09009,11.74,11.56,0.47,18.11,2.51,40,23.85,35.00,12.49,62.89,38009,48.22,857513,31.6,11.58,0,0
New London,CT,114,2015-2019,09011,9.40,12.91,0.44,10.55,2.37,41,20.97,33.32,5.19,75.66,39426,50.13,267390,29.5,6.25,0,0
New York,NY,544,2015-2019,36061,15.83,10.28,0.60,25.83,2.07,38,22.95,61.31,12.47,46.91,76592,47.34,1631993,27.6,76.99,285775,603664976.763836
Niagara,NY,69,2015-2019,36063,13.46,13.86,0.44,3.02,2.34,43,24.91,24.60,6.89,85.44,30971,48.75,210820,28.5,9.66,24907.5,51092307.69230769
Norfolk,MA,232,2015-2019,25021,6.32,9.64,0.48,4.53,2.57,41,14.40,53.60,6.72,74.91,53889,48.08,700437,29.5,9.41,4312.5,8969425.956738768
Northampton,PA,87.5,2015-2019,42095,8.58,12.49,0.44,13.24,2.55,42,16.26,30.31,5.05,76.66,35270,49.19,302809,30.0,6.88,20242.5,41151656.8408213
Oakland,MI,111,2015-2019,26125,8.18,11.54,0.47,4.12,2.46,41,13.01,47.24,13.51,72.00,44629,48.91,1253185,26.8,5.42,91412.5,186899407.07421798
Ocean,NJ,177,2015-2019,34029,10.09,12.98,0.45,9.21,2.61,43,19.99,29.95,2.77,84.67,36100,48.25,596415,35.7,6.26,36962.5,76606217.61658031
Ohio,WV,50,2015-2019,54069,12.56,15.42,0.51,1.16,2.31,44,21.52,31.98,3.89,92.11,32429,48.19,42143,30.2,12.54,4857.075,10079010.168084664
Okaloosa,FL,60,2015-2019,12091,10.91,15.51,0.43,9.26,2.54,37,14.16,31.11,9.49,73.62,33019,50.75,203794,30.2,4.97,41227.5,81236453.20197044
Oklahoma,OK,87,2015-2019,40109,15.96,13.68,0.49,17.38,2.56,35,18.56,31.99,14.75,55.99,31609,48.95,787216,28.2,6.02,254257.5,519422880.4902962
Oneida,NY,57.5,2015-2019,36065,15.47,14.42,0.45,5.77,2.43,41,27.22,25.75,5.68,82.01,29687,49.86,229959,29.0,10.67,19500,39109506.61853189
Onondaga,NY,175,2015-2019,36067,14.11,12.69,0.47,4.91,2.39,39,21.76,35.89,10.84,76.85,34002,48.24,462872,29.0,12.06,56308.75,116726264.51077943
Onslow,NC,65,2015-2019,37133,13.21,17.46,0.41,12.58,2.72,26,18.42,22.93,13.28,66.14,24413,55.36,195069,28.8,4.84,44720,80780346.82080925
Orange,CA,166.25,2015-2019,06059,10.86,8.54,0.47,34.05,3.01,38,20.72,40.59,1.62,40.59,41514,49.36,3168044,33.2,4.39,390086.25,790288188.8168558
Orange,FL,430,2015-2019,12095,14.85,11.04,0.48,31.64,2.85,35,18.41,34.59,19.79,40.02,30456,49.05,1349746,33.1,5.68,194868.75,397285932.7217126
Orange,NY,95,2015-2019,36071,11.65,12.03,0.44,20.49,2.89,37,22.47,30.33,9.99,64.24,34959,50.11,380085,33.6,9.79,30937.5,61739173.81760127
Osceola,FL,118.33333333333334,2015-2019,12097,14.81,14.27,0.43,54.11,3.39,36,22.98,21.80,9.27,31.68,22196,49.31,351955,36.3,5.25,81380,165037517.74487934
Ottawa,MI,62.5,2015-2019,26139,8.52,10.54,0.42,9.81,2.70,35,12.88,34.05,1.43,83.85,31872,49.41,286558,27.5,4.42,31333.75,63415806.51689942
Palm Beach,FL,523,2015-2019,12099,12.17,12.28,0.52,22.38,2.61,45,15.15,36.69,18.20,54.57,39933,48.48,1465027,34.9,6.08,156625,323071369.6369637
Pasco,FL,96.66666666666666,2015-2019,12101,12.73,16.11,0.45,15.22,2.53,45,19.62,24.05,5.38,74.55,29001,48.66,524602,31.4,5.46,65067.5,133718660.09042335
Passaic,NJ,193,2015-2019,34031,15.69,8.63,0.47,41.54,2.99,37,25.95,28.17,10.43,41.30,32064,48.71,503637,34.0,16.59,36918.75,75792958.3247793
Penobscot,ME,61.66666666666667,2015-2019,23019,14.81,18.98,0.45,1.36,2.33,42,22.02,27.71,0.82,93.63,28523,49.57,151774,29.3,7.68,41340,83397216.05809966
Peoria,IL,90,2015-2019,17143,15.64,11.85,0.48,4.81,2.42,38,22.51,30.59,17.61,69.90,32041,48.49,182770,28.1,10.64,43716.25,90155186.63641988
Philadelphia,PA,943,2015-2019,42101,24.34,16.70,0.52,14.68,2.55,34,33.81,29.69,40.83,34.48,27924,47.34,1579075,32.5,30.07,140061.25,295862378.53823406
Pierce,WA,51.66666666666667,2015-2019,53053,10.43,13.28,0.42,10.87,2.65,36,21.28,27.15,6.51,66.76,34618,49.88,877013,30.3,5.17,107560,215637530.0721732
Pima,AZ,141,2015-2019,04019,16.81,15.27,0.47,37.25,2.46,39,23.58,32.38,3.26,51.73,29707,49.23,1027207,30.5,8.16,155365,315590087.3451148
Pinellas,FL,187,2015-2019,12103,12.22,15.39,0.49,9.70,2.32,48,15.47,31.71,9.94,73.99,35196,48.02,964666,31.8,7.73,197440,411162015.82673883
Pitt,NC,88.33333333333334,2015-2019,37147,22.95,13.59,0.49,6.26,2.46,33,17.47,32.66,34.41,54.41,27155,47.06,178433,32.3,8.70,49140,104419889.50276244
Plymouth,MA,279,2015-2019,25023,7.38,11.07,0.45,3.90,2.69,43,20.37,37.61,9.60,80.65,43412,48.58,515303,30.7,5.95,23173.75,47702243.721696176
Polk,FL,136,2015-2019,12105,15.83,15.39,0.45,22.53,2.86,40,22.28,20.17,14.68,58.88,24864,49,686218,30.1,5.29,142186.25,290176020.40816325
Portage,OH,55,2015-2019,39133,12.79,13.58,0.45,1.85,2.51,38,17.29,29.00,3.97,89.58,30054,49.08,162511,32.0,6.34,23766.475,48423950.692746535
Prince George's,MD,176.25,2015-2019,24033,8.48,9.53,0.40,18.43,2.86,37,19.76,33.08,61.71,12.70,37191,48.14,908670,30.7,8.90,56622.5,117620481.92771085
Prince William,VA,65,2015-2019,51153,6.65,7.77,0.39,23.49,3.22,35,9.12,41.11,20.34,42.95,40932,49.95,461423,30.6,2.52,44073.912500000006,88236061.06106107
Providence,RI,421,2015-2019,44007,15.23,13.84,0.47,22.78,2.56,37,26.82,28.97,8.29,60.79,31522,48.67,635737,29.3,12.11,0,0
Pulaski,AR,55,2015-2019,05119,16.83,15.75,0.51,6.15,2.44,37,24.88,34.32,36.67,52.27,32692,47.81,392967,29.3,7.53,115963.75,242551244.50951684
Racine,WI,78.33333333333333,2015-2019,55101,12.43,12.87,0.44,13.11,2.47,40,20.80,25.17,11.05,71.95,31572,49.54,195602,29.6,7.49,43873.125,88561011.30399677
Raleigh,WV,80,2015-2019,54081,18.62,23.52,0.46,1.64,2.32,42,31.70,18.44,7.67,87.07,25026,50.07,75252,28.9,9.22,13365.3125,26693254.44377871
Ramsey,MN,50,2015-2019,27123,13.97,11.63,0.46,7.48,2.53,35,25.02,42.26,11.85,61.91,35013,48.76,544442,29.4,10.03,125565,257516406.89089417
Randolph,NC,85,2015-2019,37151,15.19,16.06,0.43,11.43,2.51,42,20.77,15.69,5.70,79.02,24397,49.29,143118,27.4,4.99,32928.75,66806147.29153987
Rensselaer,NY,55,2015-2019,36083,11.71,14.00,0.43,4.93,2.36,40,18.84,32.02,5.98,83.21,35903,49.53,159185,27.7,10.14,21320,43044619.42257218
Richland,OH,88,2015-2019,39139,13.51,16.23,0.43,1.91,2.35,41,23.50,18.32,8.80,85.48,25585,50.76,121100,26.8,9.85,32068.75,63177206.46178093
Richland,SC,111.25,2015-2019,45079,16.24,13.68,0.48,5.16,2.51,33,18.36,39.08,46.45,42.31,30175,48.41,411357,31.3,6.80,65302.5,134894649.86573023
Richmond,GA,75,2015-2019,13245,23.02,17.05,0.47,4.92,2.69,34,25.10,21.41,55.58,34.53,22787,48.36,201852,33.8,9.36,59725,123500827.12985939
Rio Arriba,NM,57.5,2015-2019,35039,24.05,14.91,0.51,71.24,3.03,41,34.73,19.26,0.44,12.44,22911,48.06,39159,28.4,5.61,9478.75,19722742.405326672
Riverside,CA,135,2015-2019,06065,13.70,11.56,0.46,48.91,3.28,36,28.78,22.31,6.10,35.32,28596,49.8,2411439,34.5,4.15,251292.5,504603413.65461856
Robeson,NC,108.33333333333334,2015-2019,37155,27.70,16.30,0.49,8.88,2.81,37,33.56,13.70,23.66,25.14,18709,48.26,132596,29.5,9.36,31720,65727310.40198922
Rock,WI,55,2015-2019,55105,12.85,13.66,0.41,8.70,2.46,40,20.95,22.14,4.31,82.83,28945,49.26,162152,27.9,5.47,28363.75,57579679.252943575
Rockingham,NC,50,2015-2019,37157,18.15,15.55,0.45,6.10,2.40,45,21.61,15.07,18.22,72.35,24209,48.09,91077,28.6,6.94,63180,131378665.00311914
Rockingham,NH,87,2015-2019,33015,4.64,10.88,0.42,2.99,2.51,45,9.00,41.44,0.75,92.53,47222,49.56,306359,28.4,2.96,20183.75,40725887.81275222
Rockland,NY,71.25,2015-2019,36087,13.87,9.08,0.46,17.71,3.17,36,28.84,41.09,11.31,63.13,39286,49.05,324422,35.8,10.74,18720,38165137.6146789
Ross,OH,66.66666666666667,2015-2019,39141,17.33,20.72,0.45,1.27,2.47,41,25.98,15.77,5.11,89.60,24913,52.41,76948,29.3,6.18,20800,39687082.61782103
Rowan,NC,86.66666666666666,2015-2019,37159,15.93,15.78,0.45,8.82,2.57,40,22.88,18.51,15.70,72.04,25630,49.52,140296,26.8,5.57,29120,58804523.424878836
Rutherford,TN,67.5,2015-2019,47149,11.10,10.81,0.41,8.02,2.78,34,14.59,32.24,14.52,70.76,30159,49.26,315815,28.0,2.91,69795,141686967.1132765
Sacramento,CA,112.5,2015-2019,06067,14.67,11.84,0.45,23.18,2.76,36,28.56,30.85,9.49,44.72,32751,48.87,1524553,32.5,6.64,266042.5,544388172.7030898
Saginaw,MI,96.25,2015-2019,26145,17.99,17.10,0.48,8.45,2.35,41,27.70,20.85,18.25,69.36,28030,48.55,191821,31.8,9.05,25913.125,53374098.86714728
Salem,NJ,80,2015-2019,34033,12.41,14.71,0.45,9.01,2.57,42,20.34,21.03,12.87,74.25,34047,48.93,62990,33.9,7.72,38240,78152462.70181893
Salt Lake,UT,145,2015-2019,49035,9.19,9.37,0.43,18.35,2.99,33,10.01,35.57,1.80,71.05,33238,50.2,1133646,27.9,5.15,158575,315886454.18326694
San Bernardino,CA,117.5,2015-2019,06071,15.95,10.99,0.44,53.32,3.29,33,32.73,20.99,7.88,28.53,25215,49.78,2149031,34.0,4.80,384131.25,771657794.2948976
San Diego,CA,212,2015-2019,06073,11.59,9.88,0.46,33.70,2.87,36,20.73,38.81,4.71,45.56,38073,50.35,3316073,33.3,5.51,419402.5,832974180.734856
San Francisco,CA,471,2015-2019,06075,10.34,10.19,0.51,15.24,2.36,38,18.50,58.06,5.00,40.51,68883,51.01,874961,24.1,30.85,90262.5,176950597.9219761
San Joaquin,CA,80,2015-2019,06077,14.51,12.54,0.45,41.40,3.17,34,33.17,18.76,6.74,31.85,27521,49.85,742603,32.3,6.15,106712.5,214067201.60481444
San Mateo,CA,100,2015-2019,06081,6.71,8.23,0.48,24.40,2.87,40,14.41,50.98,2.18,39.24,61545,49.43,767423,29.3,5.28,74386.25,150488063.9287882
Sangamon,IL,72.5,2015-2019,17167,14.53,13.63,0.46,2.30,2.30,40,21.03,34.49,12.68,80.34,35509,48,196861,28.5,7.89,46402.5,96671875
Santa Clara,CA,75,2015-2019,06085,7.52,8.04,0.47,25.47,2.95,37,16.73,52.40,2.35,31.54,56248,50.55,1927470,28.4,5.18,144258.75,285378338.2789318
Santa Fe,NM,70,2015-2019,35049,12.81,13.53,0.49,51.21,2.36,46,24.04,41.04,0.89,42.78,38520,48.48,149293,28.6,3.62,37180,76691419.14191419
Sarasota,FL,138,2015-2019,12115,8.95,15.40,0.48,9.18,2.26,56,12.00,35.42,4.32,83.05,41081,47.69,419496,31.6,4.92,62395,130834556.51079892
Schenectady,NY,70,2015-2019,36093,11.45,13.50,0.43,7.06,2.77,40,24.30,32.10,9.44,72.60,32417,48.76,154859,29.6,11.66,18200,37325676.78424939
Sedgwick,KS,75,2015-2019,20173,13.72,13.38,0.45,14.57,2.57,35,16.48,30.87,8.58,68.07,29530,49.39,513375,28.0,6.33,123866.25,250792164.40575016
Seminole,FL,131,2015-2019,12117,10.65,10.59,0.46,21.39,2.63,39,12.32,39.59,10.96,60.32,35175,48.33,461402,30.0,3.99,65847.5,136245603.1450445
Shelby,TN,332,2015-2019,47157,19.35,12.45,0.51,6.36,2.62,36,23.49,31.61,53.43,35.76,30104,47.51,936374,32.0,9.04,236945,498726583.87707853
Snohomish,WA,63.33333333333333,2015-2019,53061,7.50,11.76,0.40,10.20,2.68,38,16.29,32.79,2.94,69.57,39527,50.15,798808,29.7,4.80,137988.75,275152043.8683948
Solano,CA,50,2015-2019,06095,9.55,12.26,0.42,26.45,2.88,38,21.98,26.91,13.50,38.04,35400,49.75,441829,31.8,4.89,79706.25,160213567.83919597
Somerset,NJ,76.25,2015-2019,34035,5.14,7.70,0.46,14.65,2.75,42,8.28,54.66,9.23,56.29,55828,48.87,329838,28.8,4.86,21840,44689993.86126458
Spartanburg,SC,65,2015-2019,45083,14.04,14.93,0.46,6.84,2.57,38,20.34,24.52,20.24,68.34,27240,48.53,307617,28.4,5.76,63273.75,130380692.35524417
St. Charles,MO,58.33333333333333,2015-2019,29183,5.18,10.00,0.40,3.29,2.64,39,5.70,38.86,4.39,87.14,38943,49.13,394290,25.8,2.61,35403.75,72061367.79971504
St. Clair,IL,67.5,2015-2019,17163,14.76,13.50,0.47,4.10,2.48,39,22.92,28.01,29.84,61.64,30807,48.31,262338,30.2,9.42,41860,86648726.97164148
St. Clair,MI,60,2015-2019,26147,12.68,16.94,0.43,3.37,2.43,44,22.64,18.62,2.18,91.10,30703,49.71,159247,29.8,6.63,26471.25,53251357.875678934
St. Johns,FL,55,2015-2019,12109,8.18,11.20,0.47,6.95,2.73,44,9.37,44.70,5.21,82.63,43194,48.66,244674,30.6,2.43,26260,53966296.75297986
St. Joseph,IN,63.33333333333333,2015-2019,18141,15.52,13.80,0.47,8.70,2.53,37,18.70,29.57,12.67,72.56,28215,48.62,270216,28.8,7.35,43094.375,88635078.15713699
St. Louis,MO,217,2015-2019,29189,9.74,11.99,0.49,2.89,2.41,40,10.98,43.65,24.09,66.04,41426,47.44,996919,28.3,6.68,143072.5,301586214.1652614
St. Lucie,FL,70,2015-2019,12111,13.32,15.14,0.44,18.97,2.70,45,19.72,21.62,19.33,57.33,27121,48.8,312947,33.7,4.38,48557.5,99503073.77049181
St. Mary's,MD,67.5,2015-2019,24037,8.08,12.04,0.40,5.18,2.70,37,15.49,31.89,14.49,74.09,40354,50,112290,27.1,5.23,8317.5,16635000
Stanly,NC,55,2015-2019,37167,12.86,14.92,0.42,4.21,2.55,42,19.23,17.32,11.19,80.82,25863,49.84,61588,25.1,4.44,10400,20866773.67576244
Stark,OH,102,2015-2019,39151,13.56,13.36,0.44,2.08,2.37,42,21.15,22.80,7.42,86.38,29495,48.6,372404,26.8,7.04,56940,117160493.82716049
Suffolk,MA,481,2015-2019,25025,18.19,12.02,0.53,22.89,2.41,33,30.58,46.06,20.11,44.87,42765,48.31,796605,30.5,32.47,44938.75,93021631.13227075
Suffolk,NY,593,2015-2019,36103,6.87,9.60,0.44,19.31,2.97,42,15.22,36.35,7.26,67.57,44465,49.23,1483832,35.0,5.24,73885,150081251.2695511
Summit,OH,207,2015-2019,39153,13.22,13.09,0.47,2.14,2.37,41,20.25,32.46,14.38,76.97,33606,48.51,541334,28.5,8.45,57807.5,119166151.30900845
Sumner,TN,50,2015-2019,47165,8.97,14.22,0.44,4.88,2.71,40,15.58,28.08,7.27,84.12,33851,48.89,183437,27.9,3.55,53371.25,109165984.86398037
Sumter,SC,50,2015-2019,45085,18.72,17.87,0.44,3.96,2.50,36,27.19,19.30,46.61,45.17,23460,48.18,106757,29.3,8.50,21407.1625,44431636.57119136
Sussex,DE,128.75,2015-2019,10005,11.30,14.00,0.45,9.17,2.41,50,21.65,28.27,11.81,74.96,35491,48.36,224384,30.0,3.89,0,0
Sussex,NJ,55,2015-2019,34037,4.94,10.69,0.41,8.21,2.61,45,10.91,36.12,2.11,86.29,44728,49.77,141483,29.5,3.51,4420,8880851.918826602
Tarrant,TX,187,2015-2019,48439,11.95,10.26,0.46,28.81,2.86,34,15.13,32.27,16.14,46.72,33292,48.92,2049770,29.0,4.30,191381.25,391212694.1946034
Tolland,CT,70,2015-2019,09013,7.35,10.23,0.44,5.52,2.44,38,12.91,41.81,2.93,84.61,41371,50.05,151063,29.8,4.35,0,0
Travis,TX,168,2015-2019,48453,11.96,8.33,0.48,33.81,2.54,34,11.62,49.98,7.86,48.96,43658,50.51,1226805,28.9,5.47,233635,462551969.9069491
Trumbull,OH,194,2015-2019,39155,17.24,15.08,0.45,1.82,2.30,44,25.40,18.72,8.10,87.12,26935,48.74,200367,30.2,7.08,28702.5,58889002.87238407
Tulsa,OK,62.5,2015-2019,40143,14.96,13.54,0.49,12.73,2.53,36,16.63,31.82,9.92,61.98,32044,48.81,646419,27.8,6.65,144267.5,295569555.4189715
Ulster,NY,60,2015-2019,36111,13.79,13.75,0.46,10.21,2.41,44,21.74,32.45,5.51,79.05,34834,49.53,178665,34.2,6.98,14820,29921259.842519686
Union,NJ,188,2015-2019,34039,9.50,9.10,0.49,31.59,2.88,39,18.67,35.96,20.07,39.50,41603,48.76,554033,31.2,11.75,25562.5,52425143.56029533
Utah,UT,60,2015-2019,49049,10.64,7.72,0.42,11.78,3.55,25,10.09,40.81,0.53,82.33,26215,50.53,605490,29.0,2.54,106845,211448644.36968136
Volusia,FL,138,2015-2019,12127,14.25,17.56,0.46,13.91,2.43,47,17.68,23.69,10.42,71.67,28517,48.74,536487,34.0,6.04,119186.25,244534776.36438242
Wake,NC,195,2015-2019,37183,9.10,8.55,0.44,10.14,2.62,36,11.58,52.75,19.86,60.03,40982,48.62,1069079,27.3,3.97,157968.75,324904874.5372275
Warren,NJ,60,2015-2019,34041,7.56,13.04,0.42,9.27,2.50,44,13.47,33.02,4.36,81.68,39802,48.96,105862,29.9,6.44,6696.25,13676981.209150327
Warren,OH,87.5,2015-2019,39165,4.55,10.10,0.43,2.76,2.67,39,8.13,42.99,3.31,86.17,41792,50.4,229132,24.3,3.03,24217.5,48050595.23809524
Washington,MD,87.5,2015-2019,24043,12.25,15.72,0.44,5.07,2.52,41,23.37,21.93,10.38,78.93,30464,50.85,150109,27.9,8.70,10371.25,20395771.87807276
Washington,PA,124,2015-2019,42125,9.23,15.31,0.46,1.71,2.38,45,17.93,30.04,3.04,92.18,35537,49.1,207212,26.1,7.53,15421.25,31407841.14052953
Washington,RI,62.5,2015-2019,44009,8.62,11.36,0.44,3.20,2.43,45,12.46,46.13,1.26,90.92,42869,48.21,126060,28.9,4.23,0,0
Washtenaw,MI,115,2015-2019,26161,13.98,9.36,0.48,4.72,2.45,34,13.04,55.93,11.78,70.13,41399,49.57,367000,29.7,8.23,43160,87068791.60782732
Waukesha,WI,63.33333333333333,2015-2019,55133,4.83,9.63,0.45,4.72,2.49,43,8.57,44.47,1.57,88.55,46073,49.18,400475,26.4,3.60,39438.75,80192659.61773078
Wayne,IN,80,2015-2019,18177,16.36,18.10,0.46,3.00,2.39,41,21.64,18.21,4.77,88.13,26510,48.6,66342,26.7,7.93,23920,49218106.995884776
Wayne,MI,1162,2015-2019,26163,22.31,15.79,0.50,5.94,2.54,38,33.53,23.93,38.54,49.52,27282,48.15,1757299,32.6,13.62,139852.5,290451713.39563864
Wayne,NC,70,2015-2019,37191,20.25,16.25,0.48,11.75,2.49,38,25.61,19.03,30.35,53.42,25277,48.83,123603,29.3,8.79,31460,64427605.97993038
Wayne,NY,50,2015-2019,36117,11.62,15.27,0.43,4.41,2.42,44,22.24,22.64,2.72,89.93,31043,49.61,90519,28.7,7.16,8320,16770812.336222537
Wayne,WV,60,2015-2019,54099,23.24,25.01,0.50,0.66,2.65,44,35.05,15.10,0.86,97.31,21553,48.65,40303,29.6,9.84,5566.487500000001,11441906.474820146
Webb,TX,93.33333333333334,2015-2019,48479,27.49,11.87,0.48,95.47,3.61,29,28.35,18.93,0.29,3.53,18466,48.97,273526,32.1,6.08,53300,108842148.25403307
Westchester,NY,204,2015-2019,36119,8.84,9.51,0.54,24.67,2.70,41,17.43,48.92,13.43,53.48,57049,48.42,968890,32.6,14.48,29743.75,61428645.18793887
Westmoreland,PA,65,2015-2019,42129,10.01,15.46,0.45,1.19,2.26,47,17.21,29.10,2.29,93.79,34274,48.9,352590,26.9,7.49,23992.5,49064417.17791411
Wicomico,MD,75,2015-2019,24045,15.39,12.23,0.44,5.24,2.60,36,28.75,27.23,25.65,62.98,28080,47.48,102539,32.6,8.46,33028.75,69563500.42122999
Will,IL,189,2015-2019,17197,6.75,8.90,0.41,17.37,2.96,38,13.93,34.29,11.11,63.68,36524,49.62,689315,31.1,3.70,49831.25,100425735.59048772
Windham,CT,63.33333333333333,2015-2019,09015,11.40,13.57,0.42,11.80,2.47,41,25.67,24.33,1.76,82.70,32732,49.52,116566,29.5,6.57,0,0
Winnebago,IL,178,2015-2019,17201,15.56,13.92,0.45,12.77,2.44,40,26.10,22.87,12.58,69.02,29278,48.82,284819,28.8,8.38,62991.25,129027550.18435068
Worcester,MA,378,2015-2019,25027,10.12,12.07,0.46,11.49,2.56,40,24.14,36.40,4.50,76.38,37574,49.3,824772,29.2,9.39,28200,57200811.35902637
York,ME,81.66666666666666,2015-2019,23031,7.43,14.96,0.43,1.72,2.36,45,14.71,32.51,0.79,94.24,36093,48.77,204316,28.9,5.56,20701.875,42447970.06356366
York,PA,85,2015-2019,42133,9.62,13.43,0.41,7.46,2.53,41,18.03,24.86,5.37,83.42,32623,49.4,445565,29.5,5.68,65671.25,132937753.03643724
York,SC,65,2015-2019,45091,10.47,10.20,0.45,5.51,2.59,39,13.68,33.31,19.13,70.48,34010,48.25,265872,28.8,4.07,47580,98611398.96373057
