,APOBEC 2 ,Background  
MMRF_1796_1_BM,1,1.60E-21
MMRF_1290_1_BM,0.991227423,0.008772577
MMRF_1625_1_BM,0.989251391,0.010748609
MMRF_1772_1_BM,0.985836304,0.014163696
MMRF_1971_1_BM,0.984877074,0.015122926
MMRF_1971_2_BM,0.983933654,0.016066346
MMRF_1986_1_BM,0.979060904,0.020939096
MMRF_1912_1_PB,0.972949852,0.027050148
MMRF_2739_1_BM,0.96927268,0.03072732
MMRF_1328_1_BM,0.967039544,0.032960456
MMRF_1912_1_BM,0.960501314,0.039498686
MMRF_1912_3_PB,0.960426215,0.039573785
MMRF_2166_1_BM,0.955947792,0.044052208
MMRF_1801_1_BM,0.953673565,0.046326435
MMRF_1078_1_BM,0.952031442,0.047968558
MMRF_1602_1_BM,0.949463911,0.050536089
MMRF_2041_1_BM,0.949097078,0.050902922
MMRF_2796_1_BM,0.945641717,0.054358283
MMRF_2455_1_BM,0.942938847,0.057061153
MMRF_2535_1_BM,0.91638817,0.08361183
MMRF_1965_1_BM,0.912064761,0.087935239
MMRF_1965_1_PB,0.908545037,0.091454963
MMRF_1193_5_BM,0.90110287,0.09889713
MMRF_2650_1_BM,0.90087717,0.09912283
MMRF_1496_1_PB,0.876015669,0.123984331
MMRF_2300_1_BM,0.874728188,0.125271812
MMRF_2091_1_BM,0.861055134,0.138944866
MMRF_1352_2_BM,0.857508561,0.142491439
MMRF_1491_1_BM,0.852900544,0.147099456
MMRF_2106_1_BM,0.849327044,0.150672956
MMRF_2761_1_BM,0.843019908,0.156980092
MMRF_1855_1_BM,0.842521687,0.157478313
MMRF_1403_1_BM,0.838963807,0.161036193
MMRF_2039_2_BM,0.817068079,0.182931921
MMRF_1242_4_BM,0.811442264,0.188557736
MMRF_1778_1_BM,0.799356487,0.200643513
MMRF_1180_1_BM,0.79356838,0.20643162
MMRF_1242_1_BM,0.781341851,0.218658149
MMRF_1778_1_PB,0.778645154,0.221354846
MMRF_1496_1_BM,0.774098642,0.225901358
MMRF_2776_1_BM,0.76767001,0.23232999
MMRF_1389_1_BM,0.743754589,0.256245411
MMRF_2185_1_BM,0.743654918,0.256345082
MMRF_1683_1_BM,0.739377343,0.260622657
MMRF_2762_1_BM,0.728909514,0.271090486
MMRF_1670_5_BM,0.705512892,0.294487108
MMRF_2794_1_BM,0.702219042,0.297780958
MMRF_1461_1_BM,0.701314235,0.298685765
MMRF_2652_1_BM,0.699481293,0.300518707
MMRF_2039_1_BM,0.697936961,0.302063039
MMRF_1683_2_BM,0.697123578,0.302876422
MMRF_1670_3_BM,0.682381624,0.317618376
MMRF_1951_1_BM,0.674319879,0.325680121
MMRF_1670_1_BM,0.670072901,0.329927099
MMRF_2905_1_BM,0.653071812,0.346928188
MMRF_2306_1_BM,0.645657307,0.354342693
MMRF_2225_1_BM,0.624986587,0.375013413
MMRF_1715_1_BM,0.600589219,0.399410781
MMRF_2695_1_BM,0.58648244,0.41351756
MMRF_1518_3_BM,0.574605238,0.425394762
MMRF_1518_2_BM,0.574238258,0.425761742
MMRF_2373_2_BM,0.573822227,0.426177773
MMRF_2736_1_BM,0.546901533,0.453098467
MMRF_2076_1_BM,0.544332546,0.455667454
MMRF_1999_1_BM,0.537919012,0.462080988
MMRF_2715_1_BM,0.531835662,0.468164338
MMRF_1454_1_BM,0.515165406,0.484834594
MMRF_2194_2_BM,0.511448396,0.488551604
MMRF_2076_2_BM,0.504680718,0.495319282
MMRF_2535_2_BM,0.501492268,0.498507732
MMRF_2401_1_PB,0.496519821,0.503480179
MMRF_1033_1_BM,0.494016282,0.505983718
MMRF_2124_1_BM,0.492640597,0.507359403
MMRF_2181_1_BM,0.478628225,0.521371775
MMRF_2368_1_BM,0.471712754,0.528287246
MMRF_2671_1_BM,0.464295911,0.535704089
MMRF_1251_1_BM,0.462342645,0.537657355
MMRF_2194_1_BM,0.452526585,0.547473415
MMRF_2401_2_BM,0.439262993,0.560737007
MMRF_2200_1_BM,0.432501661,0.567498339
MMRF_1462_2_BM,0.431939957,0.568060043
MMRF_1845_1_BM,0.427063803,0.572936197
MMRF_2781_1_BM,0.422740466,0.577259534
MMRF_2401_1_BM,0.417391577,0.582608423
MMRF_1680_1_BM,0.416946813,0.583053187
MMRF_1917_1_BM,0.411317878,0.588682122
MMRF_1164_1_BM,0.406860435,0.593139565
MMRF_1038_1_BM,0.406492707,0.593507293
MMRF_1824_1_BM,0.405849538,0.594150462
MMRF_1555_1_BM,0.395786026,0.604213974
MMRF_1269_3_BM,0.39393936,0.60606064
MMRF_2198_2_BM,0.388948302,0.611051698
MMRF_2531_1_BM,0.388571913,0.611428087
MMRF_2198_1_BM,0.388456027,0.611543973
MMRF_1496_3_PB,0.388308458,0.611691542
MMRF_1873_1_BM,0.388016797,0.611983203
MMRF_2554_1_BM,0.387811997,0.612188003
MMRF_1897_1_PB,0.386446424,0.613553576
MMRF_2531_1_PB,0.38354344,0.61645656
MMRF_1923_1_BM,0.370321127,0.629678873
MMRF_1723_1_BM,0.366999281,0.633000719
MMRF_2548_1_BM,0.365964839,0.634035161
MMRF_2196_1_BM,0.364737907,0.635262093
MMRF_1542_1_BM,0.364260664,0.635739336
MMRF_2394_1_BM,0.362793571,0.637206429
MMRF_1032_1_BM,0.362070434,0.637929566
MMRF_2778_1_BM,0.361099512,0.638900488
MMRF_2711_1_BM,0.360752368,0.639247632
MMRF_2732_1_BM,0.358077294,0.641922706
MMRF_2373_1_BM,0.356781072,0.643218928
MMRF_2568_1_BM,0.355564242,0.644435758
MMRF_1128_1_BM,0.354120075,0.645879925
MMRF_2651_1_BM,0.352320721,0.647679279
MMRF_1189_1_BM,0.351996964,0.648003036
MMRF_1889_3_BM,0.346882646,0.653117354
MMRF_2573_1_BM,0.346705072,0.653294928
MMRF_2407_1_BM,0.338365737,0.661634263
MMRF_2035_1_BM,0.337272601,0.662727399
MMRF_1974_1_BM,0.337162166,0.662837834
MMRF_2770_1_BM,0.33579828,0.66420172
MMRF_1451_1_BM,0.335305132,0.664694868
MMRF_1309_1_BM,0.335120393,0.664879607
MMRF_2753_1_BM,0.332012922,0.667987078
MMRF_1496_3_BM,0.330488447,0.669511553
MMRF_2379_1_BM,0.326750672,0.673249328
MMRF_1077_1_BM,0.324552799,0.675447201
MMRF_1361_1_BM,0.324324907,0.675675093
MMRF_2546_1_BM,0.324247492,0.675752508
MMRF_1267_1_BM,0.322476541,0.677523459
MMRF_2119_1_BM,0.32053466,0.67946534
MMRF_2531_2_BM,0.31951956,0.68048044
MMRF_2062_1_BM,0.319285879,0.680714121
MMRF_1656_2_BM,0.318821479,0.681178521
MMRF_1601_1_BM,0.317567287,0.682432713
MMRF_1356_1_BM,0.317528166,0.682471834
MMRF_1092_1_BM,0.316701322,0.683298678
MMRF_1641_1_BM,0.315635204,0.684364796
MMRF_2268_1_BM,0.315208165,0.684791835
MMRF_2913_1_BM,0.314397044,0.685602956
MMRF_1295_1_BM,0.312901725,0.687098275
MMRF_1994_1_BM,0.312131008,0.687868992
MMRF_2531_2_PB,0.312027363,0.687972637
MMRF_1913_2_BM,0.311469858,0.688530142
MMRF_2488_1_BM,0.310446979,0.689553021
MMRF_2064_2_BM,0.310382132,0.689617868
MMRF_2427_1_BM,0.309996544,0.690003456
MMRF_2746_1_BM,0.308935793,0.691064207
MMRF_1598_1_BM,0.307013076,0.692986924
MMRF_2293_1_BM,0.305448039,0.694551961
MMRF_2072_1_BM,0.304733135,0.695266865
MMRF_2061_1_BM,0.303718133,0.696281867
MMRF_1432_2_BM,0.303129443,0.696870557
MMRF_1129_1_BM,0.302568274,0.697431726
MMRF_1720_1_BM,0.301146404,0.698853596
MMRF_2115_1_BM,0.300559339,0.699440661
MMRF_2680_1_BM,0.299542439,0.700457561
MMRF_1202_2_BM,0.299275184,0.700724816
MMRF_1151_1_BM,0.299073545,0.700926455
MMRF_2114_1_BM,0.296838334,0.703161666
MMRF_2644_1_BM,0.296661236,0.703338764
MMRF_1307_1_BM,0.295335796,0.704664204
MMRF_1972_2_BM,0.293450852,0.706549148
MMRF_1972_1_BM,0.293318198,0.706681802
MMRF_2539_2_BM,0.293281703,0.706718297
MMRF_2640_1_BM,0.2930299,0.7069701
MMRF_2469_1_BM,0.293003721,0.706996279
MMRF_1780_1_BM,0.292851627,0.707148373
MMRF_1910_1_BM,0.291898705,0.708101295
MMRF_1678_1_BM,0.291359603,0.708640397
MMRF_1831_1_BM,0.291322883,0.708677117
MMRF_1407_3_BM,0.291268899,0.708731101
MMRF_1656_1_BM,0.289755211,0.710244789
MMRF_1596_1_BM,0.288348073,0.711651927
MMRF_1534_5_BM,0.288105612,0.711894388
MMRF_1579_1_BM,0.286785386,0.713214614
MMRF_2331_1_BM,0.285936024,0.714063976
MMRF_1746_1_BM,0.285616049,0.714383951
MMRF_1981_1_BM,0.284321683,0.715678317
MMRF_1274_1_BM,0.28400584,0.71599416
MMRF_1542_2_BM,0.282425327,0.717574673
MMRF_1782_1_BM,0.281626344,0.718373656
MMRF_2765_1_BM,0.280151701,0.719848299
MMRF_1913_3_BM,0.278110978,0.721889022
MMRF_1388_1_BM,0.276835292,0.723164708
MMRF_2231_1_BM,0.275936903,0.724063097
MMRF_2839_1_BM,0.275363077,0.724636923
MMRF_2659_1_BM,0.274767817,0.725232183
MMRF_1534_1_BM,0.274229768,0.725770232
MMRF_1431_1_BM,0.274165606,0.725834394
MMRF_1830_1_BM,0.274046681,0.725953319
MMRF_2266_1_BM,0.271195014,0.728804986
MMRF_1533_2_BM,0.270220375,0.729779625
MMRF_1309_2_BM,0.269389814,0.730610186
MMRF_1401_1_BM,0.268659065,0.731340935
MMRF_1433_3_BM,0.26854684,0.73145316
MMRF_2411_1_BM,0.268144459,0.731855541
MMRF_1960_1_BM,0.267099199,0.732900801
MMRF_2801_1_BM,0.266769368,0.733230632
MMRF_2438_1_BM,0.266583108,0.733416892
MMRF_1637_1_BM,0.266460283,0.733539717
MMRF_2507_1_BM,0.266023631,0.733976369
MMRF_1916_1_BM,0.265458176,0.734541824
MMRF_1889_2_BM,0.264957536,0.735042464
MMRF_1758_1_BM,0.264328972,0.735671028
MMRF_2745_1_BM,0.263763137,0.736236863
MMRF_1453_1_BM,0.263444837,0.736555163
MMRF_2113_1_BM,0.26313039,0.73686961
MMRF_1179_2_BM,0.262566567,0.737433433
MMRF_2068_1_BM,0.261531192,0.738468808
MMRF_1447_1_BM,0.261438009,0.738561991
MMRF_2302_1_BM,0.261134652,0.738865348
MMRF_1433_4_BM,0.260945997,0.739054003
MMRF_2722_1_BM,0.260695595,0.739304405
MMRF_2089_3_BM,0.260662504,0.739337496
MMRF_1031_1_BM,0.260457788,0.739542212
MMRF_2685_1_BM,0.259742934,0.740257066
MMRF_2093_1_BM,0.258048424,0.741951576
MMRF_2204_2_BM,0.257962286,0.742037714
MMRF_1618_1_BM,0.2575253,0.7424747
MMRF_1137_4_BM,0.257012987,0.742987013
MMRF_2793_1_BM,0.256323758,0.743676242
MMRF_1540_1_BM,0.256263795,0.743736205
MMRF_2515_1_BM,0.256044368,0.743955632
MMRF_1694_1_BM,0.255960715,0.744039285
MMRF_2132_1_BM,0.25560228,0.74439772
MMRF_1037_1_BM,0.254437167,0.745562833
MMRF_1152_1_BM,0.254324773,0.745675227
MMRF_2404_1_BM,0.253952327,0.746047673
MMRF_1401_2_BM,0.253624936,0.746375064
MMRF_2159_1_BM,0.253405811,0.746594189
MMRF_2676_1_BM,0.251595509,0.748404491
MMRF_1628_2_BM,0.251289888,0.748710112
MMRF_1231_1_BM,0.250571438,0.749428562
MMRF_2251_1_BM,0.250419409,0.749580591
MMRF_1236_3_BM,0.24992082,0.75007918
MMRF_2112_1_BM,0.249731862,0.750268138
MMRF_2089_3_PB,0.249354973,0.750645027
MMRF_2426_1_BM,0.249014771,0.750985229
MMRF_2089_2_BM,0.248955921,0.751044079
MMRF_1637_2_BM,0.248671125,0.751328875
MMRF_1433_2_BM,0.248160371,0.751839629
MMRF_1781_1_BM,0.247333328,0.752666672
MMRF_1100_1_BM,0.246814345,0.753185655
MMRF_2017_2_BM,0.246554529,0.753445471
MMRF_1777_1_BM,0.246536233,0.753463767
MMRF_2081_1_BM,0.246442893,0.753557107
MMRF_2270_1_BM,0.245450393,0.754549607
MMRF_2826_1_BM,0.24487665,0.75512335
MMRF_1433_5_BM,0.244401117,0.755598883
MMRF_1694_4_BM,0.243795312,0.756204688
MMRF_2461_1_BM,0.243084025,0.756915975
MMRF_2539_1_BM,0.242947322,0.757052678
MMRF_2611_1_BM,0.242086296,0.757913704
MMRF_2172_1_BM,0.241412864,0.758587136
MMRF_2755_1_BM,0.241372006,0.758627994
MMRF_2630_1_BM,0.240756459,0.759243541
MMRF_2204_1_BM,0.239015799,0.760984201
MMRF_2835_1_BM,0.238780666,0.761219334
MMRF_1656_4_BM,0.238666665,0.761333335
MMRF_2473_1_BM,0.238629174,0.761370826
MMRF_2271_1_BM,0.238622919,0.761377081
MMRF_2690_1_BM,0.238570032,0.761429968
MMRF_2326_1_BM,0.237733858,0.762266142
MMRF_1266_1_BM,0.237369284,0.762630716
MMRF_2853_1_BM,0.237310938,0.762689062
MMRF_1825_1_BM,0.237249339,0.762750661
MMRF_1891_1_BM,0.237120547,0.762879453
MMRF_1927_2_BM,0.236765582,0.763234418
MMRF_2702_1_BM,0.236388228,0.763611772
MMRF_2799_1_BM,0.235974177,0.764025823
MMRF_2239_1_BM,0.235460716,0.764539284
MMRF_2291_1_BM,0.234055893,0.765944107
MMRF_1784_1_BM,0.233213008,0.766786992
MMRF_2643_1_BM,0.233205891,0.766794109
MMRF_1224_3_BM,0.232970961,0.767029039
MMRF_2290_1_BM,0.232945595,0.767054405
MMRF_1462_1_BM,0.232573175,0.767426825
MMRF_1627_1_BM,0.232545871,0.767454129
MMRF_2072_2_BM,0.232514057,0.767485943
MMRF_1167_1_BM,0.232463629,0.767536371
MMRF_2383_1_BM,0.232139323,0.767860677
MMRF_1676_1_BM,0.231275609,0.768724391
MMRF_1520_1_BM,0.230721336,0.769278664
MMRF_2908_1_BM,0.23017889,0.76982111
MMRF_2444_1_BM,0.229114814,0.770885186
MMRF_1862_1_BM,0.228576017,0.771423983
MMRF_2851_1_BM,0.228479332,0.771520668
MMRF_1506_1_BM,0.228328495,0.771671505
MMRF_2478_1_BM,0.226768859,0.773231141
MMRF_1810_1_BM,0.226121186,0.773878814
MMRF_2019_1_BM,0.225991431,0.774008569
MMRF_1643_1_BM,0.225482378,0.774517622
MMRF_2666_1_BM,0.224289506,0.775710494
MMRF_1931_1_BM,0.223426547,0.776573453
MMRF_1628_1_BM,0.2222874,0.7777126
MMRF_1690_1_BM,0.222070673,0.777929327
MMRF_2413_1_BM,0.22131916,0.77868084
MMRF_2480_1_BM,0.221087774,0.778912226
MMRF_1496_2_BM,0.220190628,0.779809372
MMRF_2197_1_BM,0.220066543,0.779933457
MMRF_1731_2_BM,0.220023736,0.779976264
MMRF_2730_1_BM,0.219733553,0.780266447
MMRF_2153_1_BM,0.218114248,0.781885752
MMRF_2848_1_BM,0.217072404,0.782927596
MMRF_1627_3_BM,0.216711279,0.783288721
MMRF_2694_1_BM,0.21656474,0.78343526
MMRF_1915_1_BM,0.216475409,0.783524591
MMRF_2090_1_BM,0.215739333,0.784260667
MMRF_1648_1_BM,0.215730497,0.784269503
MMRF_1787_1_BM,0.215376011,0.784623989
MMRF_1232_4_BM,0.214982424,0.785017576
MMRF_1586_1_BM,0.214979734,0.785020266
MMRF_2436_1_BM,0.214608953,0.785391047
MMRF_2485_1_BM,0.214545469,0.785454531
MMRF_1861_2_BM,0.214149883,0.785850117
MMRF_1110_2_BM,0.213618009,0.786381991
MMRF_2669_1_BM,0.213554703,0.786445297
MMRF_1304_1_BM,0.213093735,0.786906265
MMRF_2240_1_BM,0.212990967,0.787009033
MMRF_2209_1_BM,0.212595055,0.787404945
MMRF_1906_1_BM,0.211432321,0.788567679
MMRF_2289_3_BM,0.211070429,0.788929571
MMRF_1719_1_BM,0.210602336,0.789397664
MMRF_2011_2_BM,0.210599302,0.789400698
MMRF_1137_2_BM,0.209958026,0.790041974
MMRF_1432_1_BM,0.209663259,0.790336741
MMRF_2598_1_BM,0.208845484,0.791154516
MMRF_2017_1_BM,0.208507094,0.791492906
MMRF_2111_2_BM,0.207559668,0.792440332
MMRF_1931_2_BM,0.207394418,0.792605582
MMRF_1462_4_BM,0.207099544,0.792900456
MMRF_1640_1_BM,0.206614712,0.793385288
MMRF_1710_1_BM,0.206564948,0.793435052
MMRF_2667_1_BM,0.206385803,0.793614197
MMRF_2246_1_BM,0.206310123,0.793689877
MMRF_1261_1_BM,0.20569606,0.79430394
MMRF_2201_1_BM,0.205581478,0.794418522
MMRF_1148_1_BM,0.205230089,0.794769911
MMRF_2782_1_BM,0.204793079,0.795206921
MMRF_2541_1_BM,0.204719855,0.795280145
MMRF_2167_3_PB,0.204654979,0.795345021
MMRF_2126_2_BM,0.203932146,0.796067854
MMRF_2493_1_BM,0.203900622,0.796099378
MMRF_2440_1_BM,0.203609802,0.796390198
MMRF_2111_1_BM,0.203556056,0.796443944
MMRF_1646_1_BM,0.203254235,0.796745765
MMRF_1169_1_BM,0.20314373,0.79685627
MMRF_2699_1_BM,0.203104351,0.796895649
MMRF_1833_1_BM,0.202978084,0.797021916
MMRF_2012_1_BM,0.202847792,0.797152208
MMRF_1501_1_BM,0.202450864,0.797549136
MMRF_1652_1_BM,0.202078286,0.797921714
MMRF_1531_1_BM,0.202050454,0.797949546
MMRF_1179_1_BM,0.201526032,0.798473968
MMRF_2562_2_BM,0.201412596,0.798587404
MMRF_1425_1_BM,0.201191008,0.798808992
MMRF_2118_1_BM,0.200056844,0.799943156
MMRF_2089_1_BM,0.19930799,0.80069201
MMRF_1462_3_BM,0.198314777,0.801685223
MMRF_2014_1_BM,0.19791208,0.80208792
MMRF_1977_1_BM,0.197866992,0.802133008
MMRF_2173_1_BM,0.197606566,0.802393434
MMRF_2647_1_BM,0.196821736,0.803178264
MMRF_2679_1_BM,0.196478619,0.803521381
MMRF_1308_1_BM,0.196361654,0.803638346
MMRF_1502_1_BM,0.196169018,0.803830982
MMRF_2829_1_BM,0.196143479,0.803856521
MMRF_2456_1_BM,0.19607311,0.80392689
MMRF_2400_1_BM,0.195927944,0.804072056
MMRF_1677_1_BM,0.195796864,0.804203136
MMRF_1201_3_BM,0.195730808,0.804269192
MMRF_2232_1_BM,0.194755799,0.805244201
MMRF_2126_1_BM,0.194555658,0.805444342
MMRF_2754_1_BM,0.194289833,0.805710167
MMRF_1572_1_BM,0.194195632,0.805804368
MMRF_2653_1_BM,0.194072279,0.805927721
MMRF_2522_1_BM,0.19349011,0.80650989
MMRF_1424_3_BM,0.193410066,0.806589934
MMRF_2289_1_BM,0.193333223,0.806666777
MMRF_2056_1_BM,0.193137116,0.806862884
MMRF_2176_1_BM,0.193021333,0.806978667
MMRF_2613_1_BM,0.192593434,0.807406566
MMRF_1201_5_BM,0.191512508,0.808487492
MMRF_2821_1_BM,0.19120387,0.80879613
MMRF_2557_1_BM,0.190880095,0.809119905
MMRF_2526_1_BM,0.190804823,0.809195177
MMRF_1876_1_BM,0.19075594,0.80924406
MMRF_2734_1_BM,0.190518712,0.809481288
MMRF_2279_1_BM,0.190140768,0.809859232
MMRF_2058_1_BM,0.189824042,0.810175958
MMRF_1523_1_BM,0.189761955,0.810238045
MMRF_1020_3_BM,0.189681293,0.810318707
MMRF_1080_1_BM,0.189320997,0.810679003
MMRF_2352_1_BM,0.188684367,0.811315633
MMRF_2353_1_BM,0.188276092,0.811723908
MMRF_1392_1_BM,0.188058561,0.811941439
MMRF_2265_1_BM,0.187949118,0.812050882
MMRF_1816_1_BM,0.18767738,0.81232262
MMRF_1790_1_BM,0.187648073,0.812351927
MMRF_2567_1_BM,0.187418389,0.812581611
MMRF_1639_2_BM,0.187368668,0.812631332
MMRF_2129_1_BM,0.187333834,0.812666166
MMRF_1202_1_BM,0.186784784,0.813215216
MMRF_2144_1_BM,0.186675379,0.813324621
MMRF_1991_1_BM,0.186509885,0.813490115
MMRF_1342_1_BM,0.186453974,0.813546026
MMRF_2216_1_BM,0.186357988,0.813642012
MMRF_1285_1_BM,0.186117222,0.813882778
MMRF_2524_1_BM,0.185639969,0.814360031
MMRF_1195_1_BM,0.185422596,0.814577404
MMRF_1348_1_BM,0.185059121,0.814940879
MMRF_1755_1_BM,0.184857408,0.815142592
MMRF_2059_2_BM,0.184779614,0.815220386
MMRF_1327_1_BM,0.184665752,0.815334248
MMRF_2814_1_BM,0.184389974,0.815610026
MMRF_1667_1_BM,0.184062378,0.815937622
MMRF_1285_3_BM,0.184054693,0.815945307
MMRF_1929_1_BM,0.183602331,0.816397669
MMRF_1556_1_BM,0.183519424,0.816480576
MMRF_1871_1_BM,0.183061622,0.816938378
MMRF_2523_2_BM,0.182371871,0.817628129
MMRF_1308_2_BM,0.182030315,0.817969685
MMRF_1832_1_BM,0.181956921,0.818043079
MMRF_2642_1_BM,0.181852087,0.818147913
MMRF_1293_4_BM,0.181550137,0.818449863
MMRF_2831_1_BM,0.181488734,0.818511266
MMRF_1860_1_BM,0.18106725,0.81893275
MMRF_1030_3_BM,0.180849124,0.819150876
MMRF_2605_1_BM,0.180191708,0.819808292
MMRF_2613_2_BM,0.179164074,0.820835926
MMRF_1082_1_BM,0.178478978,0.821521022
MMRF_2422_1_BM,0.178461833,0.821538167
MMRF_1178_2_BM,0.17800856,0.82199144
MMRF_2637_1_BM,0.177775552,0.822224448
MMRF_2341_1_BM,0.177216864,0.822783136
MMRF_1613_1_BM,0.176884715,0.823115285
MMRF_2310_1_BM,0.176723462,0.823276538
MMRF_1774_1_BM,0.17651961,0.82348039
MMRF_2708_1_BM,0.176404228,0.823595772
MMRF_1201_2_BM,0.175810492,0.824189508
MMRF_2574_1_BM,0.174676033,0.825323967
MMRF_1433_1_BM,0.174175816,0.825824184
MMRF_1730_2_BM,0.173964728,0.826035272
MMRF_1939_1_BM,0.173485191,0.826514809
MMRF_2596_1_BM,0.17344674,0.82655326
MMRF_2364_1_BM,0.172925964,0.827074036
MMRF_2764_1_BM,0.172908946,0.827091054
MMRF_2324_1_BM,0.172157742,0.827842258
MMRF_2562_1_BM,0.171925364,0.828074636
MMRF_2151_1_BM,0.171576866,0.828423134
MMRF_2519_1_BM,0.171539601,0.828460399
MMRF_2727_1_BM,0.171304293,0.828695707
MMRF_1377_1_BM,0.171084023,0.828915977
MMRF_2914_1_BM,0.171065033,0.828934967
MMRF_2808_1_BM,0.170417247,0.829582753
MMRF_2195_2_BM,0.170288108,0.829711892
MMRF_1882_1_BM,0.169940065,0.830059935
MMRF_1565_3_BM,0.169839718,0.830160282
MMRF_1659_1_BM,0.169668724,0.830331276
MMRF_1131_2_BM,0.169597223,0.830402777
MMRF_1178_1_BM,0.169498841,0.830501159
MMRF_1355_5_BM,0.169475923,0.830524077
MMRF_1859_1_BM,0.16933841,0.83066159
MMRF_1803_1_BM,0.168997002,0.831002998
MMRF_1049_2_BM,0.168532914,0.831467086
MMRF_1030_4_BM,0.168431461,0.831568539
MMRF_1768_1_BM,0.168242736,0.831757264
MMRF_2412_1_BM,0.167706875,0.832293125
MMRF_2789_1_BM,0.167669211,0.832330789
MMRF_1689_1_BM,0.167634085,0.832365915
MMRF_2689_1_BM,0.167380636,0.832619364
MMRF_1698_1_BM,0.167341124,0.832658876
MMRF_2549_1_BM,0.166593803,0.833406197
MMRF_1922_1_BM,0.165813041,0.834186959
MMRF_1201_4_BM,0.165700575,0.834299425
MMRF_1519_1_BM,0.165224002,0.834775998
MMRF_1061_3_BM,0.165119383,0.834880617
MMRF_1577_1_BM,0.16505929,0.83494071
MMRF_1564_1_BM,0.164984485,0.835015515
MMRF_2230_1_BM,0.164752117,0.835247883
MMRF_2229_1_BM,0.164701428,0.835298572
MMRF_1650_2_BM,0.164207499,0.835792501
MMRF_1605_3_BM,0.164059237,0.835940763
MMRF_1900_1_BM,0.163592431,0.836407569
MMRF_1293_3_BM,0.163502371,0.836497629
MMRF_1522_2_BM,0.163399262,0.836600738
MMRF_1344_1_BM,0.16337031,0.83662969
MMRF_2244_1_BM,0.163040615,0.836959385
MMRF_2768_1_BM,0.163002891,0.836997109
MMRF_2160_1_BM,0.162982906,0.837017094
MMRF_2428_1_BM,0.162656209,0.837343791
MMRF_2211_1_BM,0.162650678,0.837349322
MMRF_2367_1_BM,0.162293601,0.837706399
MMRF_1783_2_BM,0.161977991,0.838022009
MMRF_1766_1_BM,0.161969204,0.838030796
MMRF_2691_1_BM,0.161938011,0.838061989
MMRF_1614_1_BM,0.161667573,0.838332427
MMRF_1325_1_BM,0.161262108,0.838737892
MMRF_1897_1_BM,0.161168324,0.838831676
MMRF_1928_1_BM,0.16065465,0.83934535
MMRF_2795_1_BM,0.160410819,0.839589181
MMRF_1858_1_BM,0.160341223,0.839658777
MMRF_1659_3_BM,0.160311277,0.839688723
MMRF_2602_1_BM,0.160237856,0.839762144
MMRF_2397_1_BM,0.160118734,0.839881266
MMRF_2572_2_BM,0.159873122,0.840126878
MMRF_2834_1_BM,0.15959018,0.84040982
MMRF_1997_1_BM,0.158668653,0.841331347
MMRF_1839_1_BM,0.158596518,0.841403482
MMRF_2380_1_BM,0.158306375,0.841693625
MMRF_1293_1_BM,0.158216333,0.841783667
MMRF_2572_1_BM,0.157992648,0.842007352
MMRF_1790_4_BM,0.157869902,0.842130098
MMRF_2807_1_BM,0.157196046,0.842803954
MMRF_1736_2_BM,0.15699305,0.84300695
MMRF_1110_3_BM,0.156961199,0.843038801
MMRF_1721_1_BM,0.156786786,0.843213214
MMRF_1030_1_BM,0.156740609,0.843259391
MMRF_1543_1_BM,0.156610194,0.843389806
MMRF_1155_2_BM,0.155820423,0.844179577
MMRF_2329_1_BM,0.155612014,0.844387986
MMRF_1651_1_BM,0.155528745,0.844471255
MMRF_2608_1_BM,0.155394219,0.844605781
MMRF_1049_4_BM,0.155023843,0.844976157
MMRF_1624_3_BM,0.154949581,0.845050419
MMRF_2195_1_BM,0.154425609,0.845574391
MMRF_2284_1_BM,0.154368911,0.845631089
MMRF_2731_1_BM,0.153904599,0.846095401
MMRF_2363_2_BM,0.153755303,0.846244697
MMRF_2170_1_BM,0.153452629,0.846547371
MMRF_2344_2_BM,0.153275611,0.846724389
MMRF_1647_1_BM,0.153124388,0.846875612
MMRF_2756_1_BM,0.153113082,0.846886918
MMRF_1795_2_BM,0.152890766,0.847109234
MMRF_2805_1_BM,0.15263607,0.84736393
MMRF_2525_1_BM,0.152456461,0.847543539
MMRF_1700_1_BM,0.152380751,0.847619249
MMRF_2237_1_BM,0.152371954,0.847628046
MMRF_2054_1_BM,0.15190357,0.84809643
MMRF_2226_1_BM,0.151478824,0.848521176
MMRF_2592_1_BM,0.150951739,0.849048261
MMRF_1500_2_BM,0.150923355,0.849076645
MMRF_1156_2_BM,0.150486896,0.849513104
MMRF_1383_1_BM,0.150337289,0.849662711
MMRF_1485_1_BM,0.150208541,0.849791459
MMRF_1771_1_BM,0.150067173,0.849932827
MMRF_1978_2_BM,0.149959001,0.850040999
MMRF_2286_1_BM,0.14992565,0.85007435
MMRF_2675_1_BM,0.149653125,0.850346875
MMRF_1980_1_BM,0.149228192,0.850771808
MMRF_1953_1_BM,0.149206041,0.850793959
MMRF_2843_1_BM,0.148861859,0.851138141
MMRF_1739_2_BM,0.148689896,0.851310104
MMRF_1157_2_BM,0.14842484,0.85157516
MMRF_1888_1_BM,0.148187911,0.851812089
MMRF_1763_1_BM,0.147956726,0.852043274
MMRF_1318_1_BM,0.14793104,0.85206896
MMRF_1783_1_BM,0.147602783,0.852397217
MMRF_1569_1_BM,0.146974263,0.853025737
MMRF_1750_1_BM,0.146836044,0.853163956
MMRF_2682_1_BM,0.14587556,0.85412444
MMRF_1665_1_BM,0.14459903,0.85540097
MMRF_2273_1_BM,0.144440656,0.855559344
MMRF_1185_1_BM,0.144289658,0.855710342
MMRF_2550_1_BM,0.144281828,0.855718172
MMRF_1650_1_BM,0.144133663,0.855866337
MMRF_1659_4_BM,0.143645583,0.856354417
MMRF_2412_2_BM,0.143263278,0.856736722
MMRF_1474_1_BM,0.143212345,0.856787655
MMRF_1450_1_BM,0.142917779,0.857082221
MMRF_2272_1_BM,0.142875272,0.857124728
MMRF_1029_1_BM,0.142289007,0.857710993
MMRF_1865_1_BM,0.142191781,0.857808219
MMRF_2437_1_BM,0.142117577,0.857882423
MMRF_1533_1_BM,0.141498559,0.858501441
MMRF_2587_1_BM,0.141185119,0.858814881
MMRF_2570_1_BM,0.140839837,0.859160163
MMRF_1358_1_BM,0.140744687,0.859255313
MMRF_2475_1_BM,0.140428393,0.859571607
MMRF_2721_1_BM,0.140264942,0.859735058
MMRF_1188_1_BM,0.139636366,0.860363634
MMRF_2445_1_BM,0.139602031,0.860397969
MMRF_1588_1_BM,0.139382617,0.860617383
MMRF_2641_1_BM,0.139207126,0.860792874
MMRF_2457_1_BM,0.138909268,0.861090732
MMRF_2543_1_BM,0.138889095,0.861110905
MMRF_1687_1_BM,0.13865631,0.86134369
MMRF_2102_2_BM,0.138362803,0.861637197
MMRF_1320_1_BM,0.138282118,0.861717882
MMRF_1055_1_BM,0.138240888,0.861759112
MMRF_2743_1_BM,0.137975017,0.862024983
MMRF_2137_1_BM,0.13797253,0.86202747
MMRF_1587_2_BM,0.137862917,0.862137083
MMRF_1722_1_BM,0.136930066,0.863069934
MMRF_2328_2_BM,0.136807793,0.863192207
MMRF_1456_1_BM,0.136364784,0.863635216
MMRF_1835_1_BM,0.136133617,0.863866383
MMRF_1576_1_BM,0.135924395,0.864075605
MMRF_1638_1_BM,0.135861358,0.864138642
MMRF_2125_1_BM,0.135820177,0.864179823
MMRF_2490_1_BM,0.135794169,0.864205831
MMRF_1360_1_BM,0.135658783,0.864341217
MMRF_1068_1_BM,0.135608583,0.864391417
MMRF_1216_1_BM,0.135509963,0.864490037
MMRF_2016_1_BM,0.135496873,0.864503127
MMRF_1838_2_BM,0.135463436,0.864536564
MMRF_2459_1_BM,0.135268703,0.864731297
MMRF_2728_1_BM,0.135237197,0.864762803
MMRF_1605_1_BM,0.135162197,0.864837803
MMRF_2593_1_BM,0.135153811,0.864846189
MMRF_1593_1_BM,0.135060186,0.864939814
MMRF_1537_1_BM,0.134882407,0.865117593
MMRF_2723_1_BM,0.134730982,0.865269018
MMRF_2698_1_BM,0.134585944,0.865414056
MMRF_1847_1_BM,0.134443992,0.865556008
MMRF_1978_1_BM,0.133992354,0.866007646
MMRF_2490_2_BM,0.133134742,0.866865258
MMRF_1970_1_BM,0.13293542,0.86706458
MMRF_1156_3_BM,0.132859174,0.867140826
MMRF_2516_1_BM,0.13278706,0.86721294
MMRF_2339_1_BM,0.132191964,0.867808036
MMRF_1932_1_BM,0.131880414,0.868119586
MMRF_2817_1_BM,0.131399473,0.868600527
MMRF_2471_1_BM,0.131250426,0.868749574
MMRF_2378_1_BM,0.131164024,0.868835976
MMRF_2660_1_BM,0.131126257,0.868873743
MMRF_2683_1_BM,0.131102574,0.868897426
MMRF_2344_1_BM,0.13070771,0.86929229
MMRF_1547_1_BM,0.130436582,0.869563418
MMRF_2367_2_BM,0.130314323,0.869685677
MMRF_2199_1_BM,0.129970041,0.870029959
MMRF_1837_1_BM,0.12993238,0.87006762
MMRF_1460_1_BM,0.129424231,0.870575769
MMRF_1323_1_BM,0.129215497,0.870784503
MMRF_2330_1_BM,0.129124657,0.870875343
MMRF_2792_1_BM,0.128492539,0.871507461
MMRF_2688_1_BM,0.128372684,0.871627316
MMRF_1988_1_BM,0.128122332,0.871877668
MMRF_1079_2_BM,0.127414309,0.872585691
MMRF_1867_1_BM,0.127263044,0.872736956
MMRF_1308_3_BM,0.127089086,0.872910914
MMRF_2740_1_BM,0.127073311,0.872926689
MMRF_1512_1_BM,0.126813845,0.873186155
MMRF_1597_1_BM,0.126685073,0.873314927
MMRF_2402_1_BM,0.126286185,0.873713815
MMRF_1744_1_BM,0.126196794,0.873803206
MMRF_1539_2_BM,0.12602704,0.87397296
MMRF_1738_1_BM,0.125436139,0.874563861
MMRF_2328_1_BM,0.124515167,0.875484833
MMRF_1886_1_BM,0.124161619,0.875838381
MMRF_1730_1_BM,0.124066284,0.875933716
MMRF_1890_1_BM,0.124031778,0.875968222
MMRF_1838_1_BM,0.123596034,0.876403966
MMRF_2328_3_PB,0.123089816,0.876910184
MMRF_2827_1_BM,0.123007911,0.876992089
MMRF_2665_1_BM,0.122925003,0.877074997
MMRF_2514_1_BM,0.122873895,0.877126105
MMRF_1793_1_BM,0.122722187,0.877277813
MMRF_1153_4_BM,0.12265518,0.87734482
MMRF_2024_1_BM,0.122649548,0.877350452
MMRF_2429_1_BM,0.122644953,0.877355047
MMRF_1773_1_BM,0.122491293,0.877508707
MMRF_1716_1_BM,0.122323187,0.877676813
MMRF_2621_1_PB,0.122126121,0.877873879
MMRF_1112_3_BM,0.122043996,0.877956004
MMRF_1714_1_BM,0.121941527,0.878058473
MMRF_2150_1_BM,0.121499109,0.878500891
MMRF_1016_1_BM,0.121118868,0.878881132
MMRF_1695_1_BM,0.121095451,0.878904549
MMRF_1574_1_BM,0.12082017,0.87917983
MMRF_1802_1_BM,0.120739463,0.879260537
MMRF_2328_3_BM,0.120735737,0.879264263
MMRF_2258_1_BM,0.120685843,0.879314157
MMRF_1252_1_BM,0.1206578,0.8793422
MMRF_1565_1_BM,0.120620019,0.879379981
MMRF_1731_1_BM,0.120577256,0.879422744
MMRF_2681_1_BM,0.120553064,0.879446936
MMRF_2828_1_BM,0.120490131,0.879509869
MMRF_1201_1_BM,0.120196493,0.879803507
MMRF_1705_1_BM,0.120015217,0.879984783
MMRF_2002_1_BM,0.119458802,0.880541198
MMRF_1842_1_BM,0.119274783,0.880725217
MMRF_2253_1_BM,0.118995447,0.881004553
MMRF_1525_1_BM,0.11881652,0.88118348
MMRF_1269_1_BM,0.118547364,0.881452636
MMRF_1596_2_BM,0.118397378,0.881602622
MMRF_2082_1_BM,0.118106648,0.881893352
MMRF_1466_3_BM,0.117977181,0.882022819
MMRF_1395_1_BM,0.117900718,0.882099282
MMRF_1671_4_BM,0.117823783,0.882176217
MMRF_1992_3_BM,0.117757122,0.882242878
MMRF_2080_1_BM,0.117138503,0.882861497
MMRF_2043_1_BM,0.116860307,0.883139693
MMRF_2823_1_BM,0.116851978,0.883148022
MMRF_2308_1_BM,0.11655361,0.88344639
MMRF_2787_1_BM,0.116341234,0.883658766
MMRF_1286_1_BM,0.116268324,0.883731676
MMRF_1089_1_BM,0.116146596,0.883853404
MMRF_2191_1_BM,0.116082234,0.883917766
MMRF_2752_1_BM,0.116001514,0.883998486
MMRF_2664_1_BM,0.11597552,0.88402448
MMRF_2634_1_BM,0.115742596,0.884257404
MMRF_2059_1_BM,0.115641721,0.884358279
MMRF_1957_1_BM,0.115640857,0.884359143
MMRF_1587_1_BM,0.115360118,0.884639882
MMRF_2788_1_BM,0.115296413,0.884703587
MMRF_1281_1_BM,0.115154529,0.884845471
MMRF_2595_1_BM,0.115092239,0.884907761
MMRF_2767_1_BM,0.114915391,0.885084609
MMRF_1866_1_BM,0.114719856,0.885280144
MMRF_2314_1_BM,0.114145057,0.885854943
MMRF_2818_1_BM,0.114132696,0.885867304
MMRF_2580_1_BM,0.113172631,0.886827369
MMRF_2636_1_BM,0.11315181,0.88684819
MMRF_1998_1_BM,0.11314879,0.88685121
MMRF_1893_1_BM,0.11311499,0.88688501
MMRF_1516_1_BM,0.112883023,0.887116977
MMRF_2464_1_BM,0.112848028,0.887151972
MMRF_2140_1_BM,0.11275845,0.88724155
MMRF_1393_1_BM,0.112362104,0.887637896
MMRF_1639_1_BM,0.112340344,0.887659656
MMRF_2449_1_BM,0.112319276,0.887680724
MMRF_2760_1_BM,0.112156958,0.887843042
MMRF_1952_1_BM,0.112017775,0.887982225
MMRF_2006_1_BM,0.111985653,0.888014347
MMRF_2377_1_BM,0.111979139,0.888020861
MMRF_1617_1_BM,0.111712429,0.888287571
MMRF_1795_1_BM,0.111569295,0.888430705
MMRF_1703_1_BM,0.111481527,0.888518473
MMRF_2655_1_BM,0.111477488,0.888522512
MMRF_2386_1_BM,0.111221786,0.888778214
MMRF_1205_2_BM,0.110737651,0.889262349
MMRF_1639_3_BM,0.11058283,0.88941717
MMRF_2705_1_BM,0.110355978,0.889644022
MMRF_1445_1_BM,0.110315871,0.889684129
MMRF_1642_1_BM,0.110178459,0.889821541
MMRF_1359_1_BM,0.110114315,0.889885685
MMRF_1700_2_BM,0.110024017,0.889975983
MMRF_1073_1_BM,0.109782422,0.890217578
MMRF_2336_1_BM,0.109749208,0.890250792
MMRF_1153_1_BM,0.109352732,0.890647268
MMRF_1324_1_BM,0.109291532,0.890708468
MMRF_2566_1_BM,0.109066515,0.890933485
MMRF_2775_1_BM,0.109028356,0.890971644
MMRF_2128_1_BM,0.108987475,0.891012525
MMRF_1630_1_BM,0.108955701,0.891044299
MMRF_2763_1_BM,0.108761717,0.891238283
MMRF_1098_1_BM,0.108657507,0.891342493
MMRF_2316_1_BM,0.10847525,0.89152475
MMRF_1436_1_BM,0.108383504,0.891616496
MMRF_2147_1_BM,0.108266932,0.891733068
MMRF_2050_1_BM,0.108108595,0.891891405
MMRF_2523_1_BM,0.107836443,0.892163557
MMRF_2083_1_BM,0.107797225,0.892202775
MMRF_2433_1_BM,0.10766645,0.89233355
MMRF_2138_1_BM,0.107623974,0.892376026
MMRF_2125_1_PB,0.107607514,0.892392486
MMRF_1790_3_BM,0.107417526,0.892582474
MMRF_1024_2_BM,0.107373616,0.892626384
MMRF_1790_2_BM,0.107164488,0.892835512
MMRF_2590_1_BM,0.107144613,0.892855387
MMRF_2606_2_BM,0.10710293,0.89289707
MMRF_1426_1_BM,0.106971101,0.893028899
MMRF_2223_1_BM,0.10696384,0.89303616
MMRF_1838_3_BM,0.106730947,0.893269053
MMRF_1408_1_BM,0.106282539,0.893717461
MMRF_1603_1_BM,0.106025283,0.893974717
MMRF_2757_1_BM,0.105467855,0.894532145
MMRF_2563_1_BM,0.105319101,0.894680899
MMRF_2545_1_BM,0.105264607,0.894735393
MMRF_2701_1_BM,0.104301538,0.895698462
MMRF_2505_1_BM,0.103668347,0.896331653
MMRF_1664_1_BM,0.103557401,0.896442599
MMRF_1235_1_BM,0.103400628,0.896599372
MMRF_2700_1_BM,0.103376115,0.896623885
MMRF_1270_1_BM,0.103345772,0.896654228
MMRF_1560_1_BM,0.103040656,0.896959344
MMRF_2107_1_BM,0.102990423,0.897009577
MMRF_1061_1_BM,0.102923032,0.897076968
MMRF_2458_1_BM,0.102336932,0.897663068
MMRF_1332_3_BM,0.1020537,0.8979463
MMRF_1967_1_BM,0.101515582,0.898484418
MMRF_1277_1_BM,0.101448225,0.898551775
MMRF_1725_1_BM,0.101427321,0.898572679
MMRF_1918_1_BM,0.100580049,0.899419951
MMRF_2779_1_BM,0.100207745,0.899792255
MMRF_2452_1_BM,0.100023427,0.899976573
MMRF_2703_1_BM,0.100014695,0.899985305
MMRF_1550_1_BM,0.099933313,0.900066687
MMRF_1466_1_BM,0.099920143,0.900079857
MMRF_1856_1_BM,0.099814947,0.900185053
MMRF_2468_1_BM,0.099756573,0.900243427
MMRF_1284_1_BM,0.09963895,0.90036105
MMRF_1736_1_BM,0.099380491,0.900619509
MMRF_2453_1_BM,0.099302379,0.900697621
MMRF_2487_1_BM,0.099167932,0.900832068
MMRF_2604_1_BM,0.098077518,0.901922482
MMRF_1672_1_BM,0.097759484,0.902240516
MMRF_2238_1_BM,0.09754945,0.90245055
MMRF_2564_1_BM,0.097451416,0.902548584
MMRF_2362_1_BM,0.097333234,0.902666766
MMRF_2626_1_BM,0.097241373,0.902758627
MMRF_2366_1_BM,0.097051554,0.902948446
MMRF_2628_1_BM,0.097009282,0.902990718
MMRF_1349_1_BM,0.096987875,0.903012125
MMRF_2497_1_BM,0.096817214,0.903182786
MMRF_2245_1_BM,0.096703325,0.903296675
MMRF_1792_1_BM,0.096654908,0.903345092
MMRF_2399_1_BM,0.096594591,0.903405409
MMRF_1539_1_BM,0.096179733,0.903820267
MMRF_1210_2_BM,0.096152782,0.903847218
MMRF_2152_1_BM,0.09608965,0.90391035
MMRF_1413_1_BM,0.096057389,0.903942611
MMRF_1624_1_BM,0.096021706,0.903978294
MMRF_2335_1_BM,0.095971571,0.904028429
MMRF_2836_1_BM,0.095940173,0.904059827
MMRF_1608_1_BM,0.095729023,0.904270977
MMRF_2579_1_BM,0.095477023,0.904522977
MMRF_2670_1_BM,0.094998025,0.905001975
MMRF_1682_2_BM,0.094943777,0.905056223
MMRF_1814_1_BM,0.094914207,0.905085793
MMRF_1541_1_BM,0.094792789,0.905207211
MMRF_1345_3_BM,0.094215567,0.905784433
MMRF_2388_1_BM,0.093999321,0.906000679
MMRF_1510_1_BM,0.093610749,0.906389251
MMRF_1717_1_BM,0.093428052,0.906571948
MMRF_2214_1_BM,0.092953508,0.907046492
MMRF_1654_1_BM,0.092950074,0.907049926
MMRF_1790_4_PB,0.092703823,0.907296177
MMRF_2281_1_BM,0.092588357,0.907411643
MMRF_2301_2_BM,0.092005624,0.907994376
MMRF_2614_1_BM,0.091896573,0.908103427
MMRF_2822_1_BM,0.091847193,0.908152807
MMRF_2217_1_BM,0.091576384,0.908423616
MMRF_1945_1_BM,0.090659588,0.909340412
MMRF_1995_1_BM,0.090471726,0.909528274
MMRF_2425_1_BM,0.089843647,0.910156353
MMRF_2560_1_BM,0.089559955,0.910440045
MMRF_2654_1_BM,0.089537286,0.910462714
MMRF_1794_1_BM,0.089377837,0.910622163
MMRF_2419_2_BM,0.089138758,0.910861242
MMRF_1210_1_BM,0.088755744,0.911244256
MMRF_2583_1_BM,0.088704931,0.911295069
MMRF_1090_1_BM,0.088630089,0.911369911
MMRF_1107_1_BM,0.088468448,0.911531552
MMRF_1157_1_BM,0.088241234,0.911758766
MMRF_1312_1_BM,0.088192147,0.911807853
MMRF_2055_1_BM,0.08815236,0.91184764
MMRF_1157_3_BM,0.088112084,0.911887916
MMRF_1671_5_BM,0.088070324,0.911929676
MMRF_1439_1_BM,0.087520061,0.912479939
MMRF_1049_3_BM,0.087350323,0.912649677
MMRF_2758_1_BM,0.087257244,0.912742756
MMRF_2267_1_BM,0.087253171,0.912746829
MMRF_2912_1_BM,0.087226488,0.912773512
MMRF_1822_1_BM,0.087183638,0.912816362
MMRF_2236_1_BM,0.087093147,0.912906853
MMRF_2584_1_BM,0.087028282,0.912971718
MMRF_2097_1_BM,0.086991141,0.913008859
MMRF_1861_1_BM,0.086971204,0.913028796
MMRF_1957_2_BM,0.086893639,0.913106361
MMRF_1879_1_BM,0.086708204,0.913291796
MMRF_1505_1_BM,0.086481129,0.913518871
MMRF_2532_1_BM,0.086286525,0.913713475
MMRF_1841_1_BM,0.086049545,0.913950455
MMRF_1760_1_BM,0.085929687,0.914070313
MMRF_2213_1_BM,0.085605419,0.914394581
MMRF_2847_1_BM,0.085596433,0.914403567
MMRF_1759_1_BM,0.085308235,0.914691765
MMRF_2419_1_BM,0.085287809,0.914712191
MMRF_1851_1_BM,0.084680732,0.915319268
MMRF_1797_1_BM,0.08466518,0.91533482
MMRF_2816_1_BM,0.084540883,0.915459117
MMRF_1338_2_BM,0.084333549,0.915666451
MMRF_2677_1_BM,0.084002961,0.915997039
MMRF_2622_1_BM,0.083770964,0.916229036
MMRF_1622_1_BM,0.083755974,0.916244026
MMRF_2220_1_BM,0.083184402,0.916815598
MMRF_1671_6_BM,0.082967894,0.917032106
MMRF_2183_1_BM,0.082950638,0.917049362
MMRF_1664_3_BM,0.081578065,0.918421935
MMRF_1671_3_BM,0.081468335,0.918531665
MMRF_1086_1_BM,0.08121505,0.91878495
MMRF_1808_1_BM,0.08113087,0.91886913
MMRF_2833_1_BM,0.080797092,0.919202908
MMRF_1186_2_BM,0.080726753,0.919273247
MMRF_1260_1_BM,0.080362984,0.919637016
MMRF_1908_3_BM,0.080237666,0.919762334
MMRF_1589_1_BM,0.080130651,0.919869349
MMRF_1355_1_BM,0.080093199,0.919906801
MMRF_2063_1_BM,0.080081353,0.919918647
MMRF_2606_1_BM,0.080076692,0.919923308
MMRF_1995_2_BM,0.079895732,0.920104268
MMRF_2751_1_BM,0.07973342,0.92026658
MMRF_2250_1_BM,0.079638907,0.920361093
MMRF_1851_1_PB,0.079310172,0.920689828
MMRF_2141_1_BM,0.078948201,0.921051799
MMRF_2026_1_BM,0.078931915,0.921068085
MMRF_1219_2_BM,0.078763518,0.921236482
MMRF_2167_1_BM,0.078535837,0.921464163
MMRF_2102_1_BM,0.078124236,0.921875764
MMRF_2325_1_BM,0.078089542,0.921910458
MMRF_1992_1_BM,0.07802319,0.92197681
MMRF_2646_1_BM,0.077849515,0.922150485
MMRF_2327_1_BM,0.077708539,0.922291461
MMRF_1048_1_BM,0.077636039,0.922363961
MMRF_2087_1_BM,0.077369285,0.922630715
MMRF_2830_1_BM,0.076901326,0.923098674
MMRF_2599_1_BM,0.076723969,0.923276031
MMRF_1257_1_BM,0.076696945,0.923303055
MMRF_1157_4_BM,0.07641499,0.92358501
MMRF_1499_1_BM,0.076328247,0.923671753
MMRF_1352_1_BM,0.0762581,0.9237419
MMRF_1740_1_BM,0.07619213,0.92380787
MMRF_1834_1_BM,0.075693934,0.924306066
MMRF_2769_1_BM,0.075481359,0.924518641
MMRF_1157_5_BM,0.075415857,0.924584143
MMRF_2333_1_BM,0.074884721,0.925115279
MMRF_1250_1_BM,0.074778948,0.925221052
MMRF_2774_1_BM,0.074727176,0.925272824
MMRF_2903_1_PB,0.07455954,0.92544046
MMRF_2621_1_BM,0.074462087,0.925537913
MMRF_1727_1_BM,0.074384966,0.925615034
MMRF_1332_1_BM,0.074269196,0.925730804
MMRF_2116_1_BM,0.074236778,0.925763222
MMRF_1155_1_BM,0.074232077,0.925767923
MMRF_2820_1_BM,0.074046307,0.925953693
MMRF_1633_1_BM,0.07383575,0.92616425
MMRF_2186_1_BM,0.073621483,0.926378517
MMRF_1662_1_BM,0.073582082,0.926417918
MMRF_2057_1_BM,0.073569968,0.926430032
MMRF_1045_1_BM,0.073016876,0.926983124
MMRF_2005_1_BM,0.072836146,0.927163854
MMRF_1846_1_BM,0.071990686,0.928009314
MMRF_2292_1_BM,0.071721273,0.928278727
MMRF_2101_1_BM,0.071653165,0.928346835
MMRF_2706_1_BM,0.071382729,0.928617271
MMRF_2015_2_BM,0.070923826,0.929076174
MMRF_2609_1_BM,0.070529626,0.929470374
MMRF_2269_1_BM,0.070232461,0.929767539
MMRF_2098_1_BM,0.070156026,0.929843974
MMRF_2301_1_BM,0.070069733,0.929930267
MMRF_1895_1_BM,0.069613496,0.930386504
MMRF_1930_1_BM,0.069550245,0.930449755
MMRF_2085_2_BM,0.069386755,0.930613245
MMRF_1338_1_BM,0.069141735,0.930858265
MMRF_1668_1_BM,0.067147068,0.932852932
MMRF_2718_1_BM,0.06713988,0.93286012
MMRF_2719_1_BM,0.067132555,0.932867445
MMRF_1583_1_BM,0.067126338,0.932873662
MMRF_2506_1_BM,0.066312365,0.933687635
MMRF_1108_1_BM,0.066309631,0.933690369
MMRF_1365_1_BM,0.066306632,0.933693368
MMRF_2074_1_BM,0.065928134,0.934071866
MMRF_1573_1_BM,0.065613215,0.934386785
MMRF_1817_1_BM,0.06529795,0.93470205
MMRF_1355_3_BM,0.065072113,0.934927887
MMRF_1223_4_BM,0.06489902,0.93510098
MMRF_1733_1_BM,0.064754216,0.935245784
MMRF_2511_1_BM,0.064738205,0.935261795
MMRF_1511_1_BM,0.064502491,0.935497509
MMRF_2709_1_BM,0.064498833,0.935501167
MMRF_2518_1_BM,0.064011531,0.935988469
MMRF_1434_1_BM,0.063873767,0.936126233
MMRF_1500_1_BM,0.063829525,0.936170475
MMRF_2697_1_BM,0.063759555,0.936240445
MMRF_2489_1_BM,0.062923202,0.937076798
MMRF_2250_2_BM,0.062782132,0.937217868
MMRF_1021_1_BM,0.062533703,0.937466297
MMRF_2559_1_BM,0.061967075,0.938032925
MMRF_1645_2_BM,0.061321519,0.938678481
MMRF_1434_3_BM,0.06128799,0.93871201
MMRF_1079_1_BM,0.06087523,0.93912477
MMRF_1497_1_BM,0.060814522,0.939185478
MMRF_2313_2_BM,0.060807681,0.939192319
MMRF_1595_1_BM,0.060788364,0.939211636
MMRF_1983_1_BM,0.060417081,0.939582919
MMRF_2215_1_BM,0.060333483,0.939666517
MMRF_1484_1_BM,0.060323066,0.939676934
MMRF_1805_1_BM,0.059691498,0.940308502
MMRF_1644_1_BM,0.059470728,0.940529272
MMRF_2678_1_BM,0.059463089,0.940536911
MMRF_2410_1_BM,0.059299742,0.940700258
MMRF_1423_1_BM,0.059207445,0.940792555
MMRF_1908_1_BM,0.059130425,0.940869575
MMRF_2330_2_BM,0.058892113,0.941107887
MMRF_2446_1_BM,0.05879647,0.94120353
MMRF_1371_1_BM,0.058653482,0.941346518
MMRF_2577_1_BM,0.058330623,0.941669377
MMRF_1785_1_BM,0.058313846,0.941686154
MMRF_1671_1_BM,0.058282091,0.941717909
MMRF_2631_1_BM,0.057543463,0.942456537
MMRF_1682_1_BM,0.057346488,0.942653512
MMRF_2203_1_BM,0.057344794,0.942655206
MMRF_2365_1_BM,0.057160181,0.942839819
MMRF_2224_1_BM,0.057023212,0.942976788
MMRF_2601_2_BM,0.056700594,0.943299406
MMRF_1310_1_BM,0.056257296,0.943742704
MMRF_2305_1_BM,0.055864093,0.944135907
MMRF_1446_2_BM,0.055772234,0.944227766
MMRF_2174_1_BM,0.055554005,0.944445995
MMRF_2911_1_BM,0.055325214,0.944674786
MMRF_1645_1_BM,0.054664561,0.945335439
MMRF_1085_3_BM,0.054620727,0.945379273
MMRF_2499_1_BM,0.054300657,0.945699343
MMRF_1671_2_BM,0.054297351,0.945702649
MMRF_1880_2_BM,0.054200101,0.945799899
MMRF_1655_1_PB,0.05396292,0.94603708
MMRF_2517_1_BM,0.05394125,0.94605875
MMRF_1992_2_BM,0.053673342,0.946326658
MMRF_2704_1_BM,0.053519094,0.946480906
MMRF_1739_1_BM,0.053177054,0.946822946
MMRF_1854_1_BM,0.053099804,0.946900196
MMRF_2477_1_BM,0.052768631,0.947231369
MMRF_1324_2_BM,0.052696615,0.947303385
MMRF_2442_1_BM,0.052668693,0.947331307
MMRF_2122_1_BM,0.052545153,0.947454847
MMRF_2523_2_PB,0.052527489,0.947472511
MMRF_1577_3_BM,0.052326364,0.947673636
MMRF_1992_1_PB,0.052249226,0.947750774
MMRF_1955_1_BM,0.052150861,0.947849139
MMRF_1071_2_BM,0.051705796,0.948294204
MMRF_2815_1_BM,0.051467898,0.948532102
MMRF_1184_1_BM,0.051235127,0.948764873
MMRF_2714_1_BM,0.051165687,0.948834313
MMRF_2317_1_BM,0.051110229,0.948889771
MMRF_1880_1_BM,0.049797818,0.950202182
MMRF_2207_1_BM,0.049789708,0.950210292
MMRF_1484_2_BM,0.049564755,0.950435245
MMRF_2297_1_BM,0.049429584,0.950570416
MMRF_1223_3_BM,0.049415826,0.950584174
MMRF_2087_2_BM,0.049191963,0.950808037
MMRF_1300_1_BM,0.04911465,0.95088535
MMRF_1634_1_BM,0.048567696,0.951432304
MMRF_1735_1_BM,0.047739003,0.952260997
MMRF_2903_1_BM,0.047537725,0.952462275
MMRF_2307_1_BM,0.047089332,0.952910668
MMRF_1857_1_BM,0.046364961,0.953635039
MMRF_2476_1_BM,0.045830686,0.954169314
MMRF_2180_1_BM,0.045360789,0.954639211
MMRF_2772_1_BM,0.045288841,0.954711159
MMRF_2832_1_BM,0.045086828,0.954913172
MMRF_1621_1_BM,0.044949748,0.955050252
MMRF_1823_1_BM,0.044801644,0.955198356
MMRF_2503_1_BM,0.043524124,0.956475876
MMRF_2840_1_BM,0.043224539,0.956775461
MMRF_2313_1_BM,0.043055906,0.956944094
MMRF_1786_1_BM,0.042659608,0.957340392
MMRF_2601_1_BM,0.042627412,0.957372588
MMRF_2648_1_BM,0.042593129,0.957406871
MMRF_1486_1_BM,0.041679583,0.958320417
MMRF_1820_1_BM,0.041176534,0.958823466
MMRF_1985_1_BM,0.041149898,0.958850102
MMRF_2079_1_BM,0.040164616,0.959835384
MMRF_2504_1_BM,0.039851918,0.960148082
MMRF_2409_1_BM,0.039705888,0.960294112
MMRF_2038_1_BM,0.039668096,0.960331904
MMRF_2085_3_BM,0.039647144,0.960352856
MMRF_2122_3_BM,0.039186044,0.960813956
MMRF_2738_1_BM,0.039126337,0.960873663
MMRF_2001_1_BM,0.038827093,0.961172907
MMRF_1478_1_BM,0.038761963,0.961238037
MMRF_1522_1_BM,0.038584442,0.961415558
MMRF_2222_1_BM,0.037963632,0.962036368
MMRF_1850_1_BM,0.037751806,0.962248194
MMRF_2624_1_BM,0.03752245,0.96247755
MMRF_1054_1_BM,0.037416393,0.962583607
MMRF_1171_1_BM,0.037405161,0.962594839
MMRF_1391_1_BM,0.036810509,0.963189491
MMRF_2597_1_BM,0.036724792,0.963275208
MMRF_2581_1_BM,0.036265493,0.963734507
MMRF_1424_1_BM,0.035905045,0.964094955
MMRF_1984_2_BM,0.035735638,0.964264362
MMRF_1610_1_BM,0.035407982,0.964592018
MMRF_2716_1_BM,0.034519472,0.965480528
MMRF_2472_1_BM,0.034482259,0.965517741
MMRF_2143_1_BM,0.033982853,0.966017147
MMRF_1446_1_BM,0.03296416,0.96703584
MMRF_2288_1_BM,0.032949888,0.967050112
MMRF_2190_1_BM,0.032394542,0.967605458
MMRF_2819_1_BM,0.032393946,0.967606054
MMRF_2083_2_BM,0.032225416,0.967774584
MMRF_1580_1_BM,0.032055078,0.967944922
MMRF_2465_1_BM,0.031780547,0.968219453
MMRF_2384_1_BM,0.031638703,0.968361297
MMRF_1629_1_BM,0.030229852,0.969770148
MMRF_1354_1_BM,0.029621635,0.970378365
MMRF_1921_1_BM,0.029216895,0.970783105
MMRF_2187_1_PB,0.02875611,0.97124389
MMRF_2018_1_BM,0.028749119,0.971250881
MMRF_1761_1_BM,0.028570276,0.971429724
MMRF_2168_2_BM,0.028482569,0.971517431
MMRF_2228_1_BM,0.028074515,0.971925485
MMRF_2707_1_BM,0.02800884,0.97199116
MMRF_2910_1_BM,0.027818345,0.972181655
MMRF_1674_1_BM,0.027472842,0.972527158
MMRF_1607_1_BM,0.027157452,0.972842548
MMRF_2635_1_BM,0.026856599,0.973143401
MMRF_1489_1_BM,0.026725747,0.973274253
MMRF_2813_1_BM,0.026375695,0.973624305
MMRF_1749_1_BM,0.025992731,0.974007269
MMRF_2737_1_BM,0.025810096,0.974189904
MMRF_1927_1_PB,0.025357452,0.974642548
MMRF_2149_1_BM,0.025258142,0.974741858
MMRF_2486_1_BM,0.024713573,0.975286427
MMRF_1049_1_BM,0.024291931,0.975708069
MMRF_2638_1_BM,0.023415006,0.976584994
MMRF_2047_1_BM,0.023362298,0.976637702
MMRF_2538_1_BM,0.022957762,0.977042238
MMRF_1881_1_BM,0.021759502,0.978240498
MMRF_2639_1_BM,0.020279464,0.979720536
MMRF_1815_1_BM,0.020155587,0.979844413
MMRF_2733_1_BM,0.019467046,0.980532954
MMRF_2021_1_BM,0.018418396,0.981581604
MMRF_2838_1_BM,0.015747672,0.984252328
MMRF_2501_1_BM,0.01568244,0.98431756
MMRF_2007_1_BM,0.015108181,0.984891819
MMRF_1726_1_BM,0.014712369,0.985287631
MMRF_2015_1_BM,0.014232236,0.985767764
MMRF_2257_1_BM,0.013899867,0.986100133
MMRF_1982_1_BM,0.013868954,0.986131046
MMRF_2168_1_BM,0.013629803,0.986370197
MMRF_1921_2_BM,0.013101307,0.986898693
MMRF_2000_1_BM,0.012969612,0.987030388
MMRF_1935_4_BM,0.010344875,0.989655125
MMRF_1380_2_BM,0.009995421,0.990004579
MMRF_1570_1_BM,0.009483066,0.990516934
MMRF_2742_1_BM,0.008081721,0.991918279
MMRF_2729_1_BM,0.007591546,0.992408454
MMRF_1911_1_BM,0.007497955,0.992502045
MMRF_1546_1_BM,0.007335974,0.992664026
MMRF_1364_1_BM,0.007173466,0.992826534
MMRF_2696_1_BM,0.005385633,0.994614367
MMRF_1963_1_BM,0.000355941,0.999644059
MMRF_1621_2_BM,8.10E-05,0.999918964
MMRF_1520_3_BM,2.64E-07,0.999999736
MMRF_2750_1_BM,1.05E-15,1
MMRF_1772_1_PB,1.01E-17,1
MMRF_1311_1_BM,5.19E-18,1
MMRF_1424_2_BM,4.03E-18,1
MMRF_1185_2_BM,3.10E-18,1
MMRF_2692_1_BM,2.88E-18,1
MMRF_1391_2_BM,2.52E-18,1
MMRF_1854_3_BM,2.24E-18,1
MMRF_1354_2_BM,1.39E-18,1
MMRF_1389_2_BM,1.19E-18,1
MMRF_1927_1_BM,1.15E-18,1
MMRF_1512_2_BM,9.84E-19,1
MMRF_2187_1_BM,4.64E-19,1
MMRF_1655_1_BM,3.08E-19,1
MMRF_1079_4_BM,2.92E-19,1
MMRF_1940_1_BM,2.69E-19,1
MMRF_2095_1_BM,1.33E-19,1
MMRF_1143_2_BM,1.30E-19,1
MMRF_2498_1_BM,1.22E-19,1
MMRF_2095_2_BM,1.19E-19,1
MMRF_1380_1_BM,1.17E-19,1
MMRF_1775_1_BM,1.16E-19,1
MMRF_1713_1_BM,9.94E-20,1
MMRF_1786_2_BM,9.43E-20,1
MMRF_2717_1_BM,9.23E-20,1
MMRF_1686_1_BM,8.51E-20,1
MMRF_1686_2_BM,7.64E-20,1
MMRF_2013_1_BM,6.82E-20,1
MMRF_1331_1_BM,6.63E-20,1
MMRF_1538_1_BM,6.45E-20,1