"","Hour","dow_surgery_date","Count"
"1",0.316666666666667,"Thursday",1
"2",0.683333333333333,"Monday",1
"3",1.43333333333333,"Monday",1
"4",1.6,"Thursday",1
"5",6.1,"Thursday",1
"6",6.21666666666667,"Sunday",1
"7",6.75,"Wednesday",1
"8",6.78333333333333,"Wednesday",1
"9",6.83333333333333,"Wednesday",2
"10",6.85,"Wednesday",1
"11",6.86666666666667,"Tuesday",1
"12",6.86666666666667,"Wednesday",3
"13",6.88333333333333,"Monday",2
"14",6.88333333333333,"Tuesday",1
"15",6.9,"Monday",1
"16",6.9,"Tuesday",1
"17",6.9,"Wednesday",2
"18",6.91666666666667,"Monday",1
"19",6.91666666666667,"Tuesday",4
"20",6.91666666666667,"Wednesday",7
"21",6.93333333333333,"Friday",2
"22",6.93333333333333,"Monday",3
"23",6.93333333333333,"Wednesday",3
"24",6.95,"Friday",1
"25",6.95,"Monday",5
"26",6.95,"Tuesday",6
"27",6.95,"Wednesday",5
"28",6.96666666666667,"Friday",3
"29",6.96666666666667,"Monday",5
"30",6.96666666666667,"Wednesday",9
"31",6.98333333333333,"Friday",2
"32",6.98333333333333,"Monday",8
"33",6.98333333333333,"Tuesday",5
"34",6.98333333333333,"Wednesday",11
"35",7,"Friday",6
"36",7,"Monday",11
"37",7,"Thursday",4
"38",7,"Tuesday",5
"39",7,"Wednesday",6
"40",7.01666666666667,"Monday",6
"41",7.01666666666667,"Tuesday",2
"42",7.01666666666667,"Wednesday",3
"43",7.03333333333333,"Friday",3
"44",7.03333333333333,"Monday",2
"45",7.03333333333333,"Tuesday",1
"46",7.03333333333333,"Wednesday",2
"47",7.05,"Monday",3
"48",7.05,"Thursday",1
"49",7.05,"Tuesday",2
"50",7.06666666666667,"Friday",1
"51",7.06666666666667,"Monday",2
"52",7.06666666666667,"Tuesday",2
"53",7.06666666666667,"Wednesday",1
"54",7.08333333333333,"Thursday",1
"55",7.08333333333333,"Tuesday",2
"56",7.08333333333333,"Wednesday",1
"57",7.1,"Monday",4
"58",7.1,"Tuesday",4
"59",7.1,"Wednesday",2
"60",7.11666666666667,"Friday",1
"61",7.11666666666667,"Tuesday",1
"62",7.13333333333333,"Monday",2
"63",7.13333333333333,"Tuesday",2
"64",7.15,"Friday",1
"65",7.15,"Monday",1
"66",7.16666666666667,"Tuesday",1
"67",7.18333333333333,"Monday",2
"68",7.18333333333333,"Tuesday",4
"69",7.2,"Monday",1
"70",7.2,"Thursday",1
"71",7.2,"Tuesday",1
"72",7.21666666666667,"Friday",1
"73",7.21666666666667,"Monday",2
"74",7.21666666666667,"Tuesday",1
"75",7.21666666666667,"Wednesday",1
"76",7.23333333333333,"Friday",1
"77",7.23333333333333,"Monday",4
"78",7.23333333333333,"Tuesday",1
"79",7.23333333333333,"Wednesday",1
"80",7.25,"Friday",2
"81",7.25,"Monday",3
"82",7.25,"Tuesday",2
"83",7.25,"Wednesday",2
"84",7.26666666666667,"Friday",1
"85",7.26666666666667,"Monday",6
"86",7.26666666666667,"Sunday",1
"87",7.26666666666667,"Wednesday",2
"88",7.28333333333333,"Friday",1
"89",7.28333333333333,"Monday",3
"90",7.28333333333333,"Tuesday",2
"91",7.3,"Friday",2
"92",7.3,"Monday",5
"93",7.3,"Tuesday",1
"94",7.3,"Wednesday",1
"95",7.31666666666667,"Monday",5
"96",7.31666666666667,"Tuesday",2
"97",7.31666666666667,"Wednesday",2
"98",7.33333333333333,"Friday",3
"99",7.33333333333333,"Monday",6
"100",7.33333333333333,"Tuesday",1
"101",7.33333333333333,"Wednesday",5
"102",7.35,"Friday",3
"103",7.35,"Monday",10
"104",7.35,"Thursday",2
"105",7.35,"Wednesday",4
"106",7.36666666666667,"Friday",2
"107",7.36666666666667,"Monday",5
"108",7.36666666666667,"Thursday",1
"109",7.36666666666667,"Tuesday",2
"110",7.36666666666667,"Wednesday",5
"111",7.38333333333333,"Friday",1
"112",7.38333333333333,"Monday",7
"113",7.38333333333333,"Tuesday",3
"114",7.38333333333333,"Wednesday",6
"115",7.4,"Friday",5
"116",7.4,"Monday",5
"117",7.4,"Thursday",2
"118",7.4,"Tuesday",7
"119",7.4,"Wednesday",14
"120",7.41666666666667,"Friday",6
"121",7.41666666666667,"Monday",9
"122",7.41666666666667,"Tuesday",9
"123",7.41666666666667,"Wednesday",9
"124",7.43333333333333,"Friday",4
"125",7.43333333333333,"Monday",9
"126",7.43333333333333,"Thursday",6
"127",7.43333333333333,"Tuesday",12
"128",7.43333333333333,"Wednesday",10
"129",7.45,"Friday",1
"130",7.45,"Monday",12
"131",7.45,"Thursday",4
"132",7.45,"Tuesday",12
"133",7.45,"Wednesday",18
"134",7.46666666666667,"Friday",7
"135",7.46666666666667,"Monday",13
"136",7.46666666666667,"Thursday",8
"137",7.46666666666667,"Tuesday",22
"138",7.46666666666667,"Wednesday",17
"139",7.48333333333333,"Friday",12
"140",7.48333333333333,"Monday",18
"141",7.48333333333333,"Thursday",8
"142",7.48333333333333,"Tuesday",23
"143",7.48333333333333,"Wednesday",29
"144",7.5,"Friday",20
"145",7.5,"Monday",31
"146",7.5,"Thursday",9
"147",7.5,"Tuesday",42
"148",7.5,"Wednesday",41
"149",7.51666666666667,"Friday",4
"150",7.51666666666667,"Monday",13
"151",7.51666666666667,"Thursday",2
"152",7.51666666666667,"Tuesday",13
"153",7.51666666666667,"Wednesday",14
"154",7.53333333333333,"Friday",14
"155",7.53333333333333,"Monday",4
"156",7.53333333333333,"Thursday",2
"157",7.53333333333333,"Tuesday",12
"158",7.53333333333333,"Wednesday",12
"159",7.55,"Friday",11
"160",7.55,"Monday",11
"161",7.55,"Thursday",3
"162",7.55,"Tuesday",14
"163",7.55,"Wednesday",9
"164",7.56666666666667,"Friday",13
"165",7.56666666666667,"Monday",7
"166",7.56666666666667,"Thursday",7
"167",7.56666666666667,"Tuesday",10
"168",7.56666666666667,"Wednesday",6
"169",7.58333333333333,"Friday",9
"170",7.58333333333333,"Monday",11
"171",7.58333333333333,"Thursday",3
"172",7.58333333333333,"Tuesday",13
"173",7.58333333333333,"Wednesday",13
"174",7.6,"Friday",11
"175",7.6,"Monday",6
"176",7.6,"Thursday",4
"177",7.6,"Tuesday",12
"178",7.6,"Wednesday",4
"179",7.61666666666667,"Friday",13
"180",7.61666666666667,"Monday",8
"181",7.61666666666667,"Thursday",8
"182",7.61666666666667,"Tuesday",18
"183",7.61666666666667,"Wednesday",9
"184",7.63333333333333,"Friday",7
"185",7.63333333333333,"Monday",6
"186",7.63333333333333,"Thursday",3
"187",7.63333333333333,"Tuesday",14
"188",7.63333333333333,"Wednesday",5
"189",7.65,"Friday",7
"190",7.65,"Monday",12
"191",7.65,"Thursday",5
"192",7.65,"Tuesday",14
"193",7.65,"Wednesday",8
"194",7.66666666666667,"Friday",11
"195",7.66666666666667,"Monday",9
"196",7.66666666666667,"Thursday",7
"197",7.66666666666667,"Tuesday",10
"198",7.66666666666667,"Wednesday",8
"199",7.68333333333333,"Friday",3
"200",7.68333333333333,"Monday",9
"201",7.68333333333333,"Saturday",1
"202",7.68333333333333,"Sunday",1
"203",7.68333333333333,"Tuesday",14
"204",7.68333333333333,"Wednesday",2
"205",7.7,"Friday",12
"206",7.7,"Monday",8
"207",7.7,"Tuesday",7
"208",7.7,"Wednesday",4
"209",7.71666666666667,"Friday",10
"210",7.71666666666667,"Monday",4
"211",7.71666666666667,"Thursday",1
"212",7.71666666666667,"Tuesday",10
"213",7.71666666666667,"Wednesday",9
"214",7.73333333333333,"Friday",5
"215",7.73333333333333,"Monday",6
"216",7.73333333333333,"Tuesday",5
"217",7.73333333333333,"Wednesday",7
"218",7.75,"Friday",8
"219",7.75,"Monday",9
"220",7.75,"Tuesday",5
"221",7.75,"Wednesday",4
"222",7.76666666666667,"Friday",6
"223",7.76666666666667,"Monday",4
"224",7.76666666666667,"Thursday",6
"225",7.76666666666667,"Tuesday",7
"226",7.76666666666667,"Wednesday",8
"227",7.78333333333333,"Friday",9
"228",7.78333333333333,"Monday",6
"229",7.78333333333333,"Thursday",2
"230",7.78333333333333,"Tuesday",5
"231",7.78333333333333,"Wednesday",6
"232",7.8,"Friday",1
"233",7.8,"Monday",3
"234",7.8,"Thursday",1
"235",7.8,"Tuesday",7
"236",7.8,"Wednesday",12
"237",7.81666666666667,"Friday",8
"238",7.81666666666667,"Monday",2
"239",7.81666666666667,"Sunday",1
"240",7.81666666666667,"Thursday",5
"241",7.81666666666667,"Tuesday",3
"242",7.81666666666667,"Wednesday",4
"243",7.83333333333333,"Friday",4
"244",7.83333333333333,"Monday",10
"245",7.83333333333333,"Sunday",1
"246",7.83333333333333,"Thursday",5
"247",7.83333333333333,"Tuesday",10
"248",7.83333333333333,"Wednesday",5
"249",7.85,"Friday",4
"250",7.85,"Monday",2
"251",7.85,"Saturday",1
"252",7.85,"Tuesday",4
"253",7.85,"Wednesday",9
"254",7.86666666666667,"Friday",3
"255",7.86666666666667,"Monday",2
"256",7.86666666666667,"Thursday",2
"257",7.86666666666667,"Tuesday",6
"258",7.86666666666667,"Wednesday",5
"259",7.88333333333333,"Friday",5
"260",7.88333333333333,"Monday",4
"261",7.88333333333333,"Thursday",2
"262",7.88333333333333,"Tuesday",4
"263",7.88333333333333,"Wednesday",9
"264",7.9,"Friday",2
"265",7.9,"Monday",4
"266",7.9,"Thursday",3
"267",7.9,"Tuesday",5
"268",7.9,"Wednesday",6
"269",7.91666666666667,"Friday",4
"270",7.91666666666667,"Monday",3
"271",7.91666666666667,"Thursday",4
"272",7.91666666666667,"Tuesday",3
"273",7.91666666666667,"Wednesday",5
"274",7.93333333333333,"Friday",1
"275",7.93333333333333,"Monday",4
"276",7.93333333333333,"Thursday",3
"277",7.93333333333333,"Tuesday",5
"278",7.93333333333333,"Wednesday",5
"279",7.95,"Friday",1
"280",7.95,"Monday",6
"281",7.95,"Thursday",2
"282",7.95,"Tuesday",6
"283",7.95,"Wednesday",3
"284",7.96666666666667,"Friday",4
"285",7.96666666666667,"Monday",3
"286",7.96666666666667,"Thursday",10
"287",7.96666666666667,"Tuesday",1
"288",7.96666666666667,"Wednesday",6
"289",7.98333333333333,"Friday",3
"290",7.98333333333333,"Thursday",2
"291",7.98333333333333,"Tuesday",4
"292",7.98333333333333,"Wednesday",5
"293",8,"Friday",6
"294",8,"Monday",6
"295",8,"Sunday",1
"296",8,"Thursday",6
"297",8,"Tuesday",12
"298",8,"Wednesday",4
"299",8.01666666666667,"Friday",3
"300",8.01666666666667,"Monday",1
"301",8.01666666666667,"Tuesday",2
"302",8.01666666666667,"Wednesday",6
"303",8.03333333333333,"Friday",1
"304",8.03333333333333,"Monday",1
"305",8.03333333333333,"Thursday",1
"306",8.03333333333333,"Tuesday",2
"307",8.03333333333333,"Wednesday",5
"308",8.05,"Friday",3
"309",8.05,"Monday",2
"310",8.05,"Thursday",2
"311",8.05,"Tuesday",3
"312",8.05,"Wednesday",7
"313",8.06666666666667,"Friday",4
"314",8.06666666666667,"Monday",2
"315",8.06666666666667,"Saturday",1
"316",8.06666666666667,"Thursday",3
"317",8.06666666666667,"Tuesday",6
"318",8.06666666666667,"Wednesday",1
"319",8.08333333333333,"Friday",4
"320",8.08333333333333,"Monday",8
"321",8.08333333333333,"Thursday",2
"322",8.08333333333333,"Tuesday",4
"323",8.08333333333333,"Wednesday",3
"324",8.1,"Friday",1
"325",8.1,"Monday",3
"326",8.1,"Thursday",1
"327",8.1,"Tuesday",3
"328",8.1,"Wednesday",2
"329",8.11666666666667,"Friday",2
"330",8.11666666666667,"Monday",4
"331",8.11666666666667,"Thursday",2
"332",8.11666666666667,"Tuesday",9
"333",8.11666666666667,"Wednesday",5
"334",8.13333333333333,"Friday",3
"335",8.13333333333333,"Monday",2
"336",8.13333333333333,"Saturday",1
"337",8.13333333333333,"Thursday",2
"338",8.13333333333333,"Tuesday",6
"339",8.15,"Friday",1
"340",8.15,"Monday",1
"341",8.15,"Thursday",2
"342",8.15,"Tuesday",4
"343",8.16666666666667,"Friday",2
"344",8.16666666666667,"Monday",1
"345",8.16666666666667,"Sunday",1
"346",8.16666666666667,"Thursday",4
"347",8.16666666666667,"Tuesday",7
"348",8.16666666666667,"Wednesday",2
"349",8.18333333333333,"Friday",1
"350",8.18333333333333,"Monday",3
"351",8.18333333333333,"Thursday",2
"352",8.18333333333333,"Tuesday",4
"353",8.18333333333333,"Wednesday",2
"354",8.2,"Friday",2
"355",8.2,"Monday",3
"356",8.2,"Saturday",1
"357",8.2,"Thursday",1
"358",8.2,"Tuesday",4
"359",8.2,"Wednesday",5
"360",8.21666666666667,"Thursday",2
"361",8.21666666666667,"Tuesday",3
"362",8.21666666666667,"Wednesday",3
"363",8.23333333333333,"Friday",6
"364",8.23333333333333,"Monday",1
"365",8.23333333333333,"Saturday",1
"366",8.23333333333333,"Sunday",1
"367",8.23333333333333,"Thursday",2
"368",8.23333333333333,"Tuesday",4
"369",8.23333333333333,"Wednesday",4
"370",8.25,"Friday",6
"371",8.25,"Monday",3
"372",8.25,"Thursday",1
"373",8.25,"Tuesday",2
"374",8.25,"Wednesday",3
"375",8.26666666666667,"Friday",3
"376",8.26666666666667,"Monday",1
"377",8.26666666666667,"Tuesday",3
"378",8.28333333333333,"Sunday",1
"379",8.28333333333333,"Thursday",1
"380",8.28333333333333,"Wednesday",5
"381",8.3,"Friday",2
"382",8.3,"Monday",5
"383",8.3,"Saturday",1
"384",8.3,"Tuesday",6
"385",8.3,"Wednesday",3
"386",8.31666666666667,"Friday",5
"387",8.31666666666667,"Monday",3
"388",8.31666666666667,"Wednesday",4
"389",8.33333333333333,"Friday",4
"390",8.33333333333333,"Monday",1
"391",8.33333333333333,"Saturday",2
"392",8.33333333333333,"Thursday",1
"393",8.33333333333333,"Tuesday",4
"394",8.35,"Friday",3
"395",8.35,"Monday",2
"396",8.35,"Saturday",1
"397",8.35,"Tuesday",1
"398",8.35,"Wednesday",3
"399",8.36666666666667,"Friday",7
"400",8.36666666666667,"Monday",2
"401",8.36666666666667,"Thursday",1
"402",8.36666666666667,"Tuesday",3
"403",8.36666666666667,"Wednesday",1
"404",8.38333333333333,"Friday",4
"405",8.38333333333333,"Monday",4
"406",8.38333333333333,"Thursday",1
"407",8.38333333333333,"Tuesday",3
"408",8.38333333333333,"Wednesday",5
"409",8.4,"Friday",6
"410",8.4,"Thursday",2
"411",8.4,"Tuesday",1
"412",8.4,"Wednesday",7
"413",8.41666666666667,"Friday",3
"414",8.41666666666667,"Thursday",1
"415",8.41666666666667,"Tuesday",8
"416",8.41666666666667,"Wednesday",2
"417",8.43333333333333,"Friday",3
"418",8.43333333333333,"Monday",1
"419",8.43333333333333,"Sunday",1
"420",8.43333333333333,"Thursday",3
"421",8.43333333333333,"Tuesday",1
"422",8.43333333333333,"Wednesday",2
"423",8.45,"Friday",6
"424",8.45,"Monday",4
"425",8.45,"Sunday",1
"426",8.45,"Thursday",1
"427",8.45,"Tuesday",2
"428",8.45,"Wednesday",3
"429",8.46666666666667,"Friday",1
"430",8.46666666666667,"Monday",1
"431",8.46666666666667,"Thursday",2
"432",8.46666666666667,"Tuesday",1
"433",8.46666666666667,"Wednesday",6
"434",8.48333333333333,"Friday",2
"435",8.48333333333333,"Monday",2
"436",8.48333333333333,"Sunday",1
"437",8.48333333333333,"Thursday",5
"438",8.48333333333333,"Wednesday",2
"439",8.5,"Friday",2
"440",8.5,"Monday",2
"441",8.5,"Thursday",4
"442",8.5,"Tuesday",3
"443",8.5,"Wednesday",4
"444",8.51666666666667,"Friday",2
"445",8.51666666666667,"Monday",4
"446",8.51666666666667,"Thursday",3
"447",8.51666666666667,"Tuesday",2
"448",8.51666666666667,"Wednesday",4
"449",8.53333333333333,"Friday",3
"450",8.53333333333333,"Monday",4
"451",8.53333333333333,"Thursday",1
"452",8.53333333333333,"Tuesday",2
"453",8.53333333333333,"Wednesday",4
"454",8.55,"Friday",7
"455",8.55,"Monday",7
"456",8.55,"Saturday",1
"457",8.55,"Thursday",2
"458",8.55,"Tuesday",4
"459",8.55,"Wednesday",2
"460",8.56666666666667,"Friday",3
"461",8.56666666666667,"Monday",3
"462",8.56666666666667,"Thursday",5
"463",8.56666666666667,"Tuesday",2
"464",8.56666666666667,"Wednesday",1
"465",8.58333333333333,"Friday",5
"466",8.58333333333333,"Monday",6
"467",8.58333333333333,"Thursday",5
"468",8.58333333333333,"Tuesday",1
"469",8.58333333333333,"Wednesday",1
"470",8.6,"Friday",3
"471",8.6,"Monday",4
"472",8.6,"Sunday",1
"473",8.6,"Thursday",4
"474",8.6,"Tuesday",3
"475",8.6,"Wednesday",4
"476",8.61666666666667,"Friday",1
"477",8.61666666666667,"Thursday",2
"478",8.61666666666667,"Tuesday",2
"479",8.63333333333333,"Friday",2
"480",8.63333333333333,"Monday",3
"481",8.63333333333333,"Saturday",1
"482",8.63333333333333,"Thursday",5
"483",8.63333333333333,"Tuesday",3
"484",8.63333333333333,"Wednesday",3
"485",8.65,"Monday",1
"486",8.65,"Thursday",5
"487",8.65,"Wednesday",4
"488",8.66666666666667,"Monday",4
"489",8.66666666666667,"Thursday",3
"490",8.66666666666667,"Tuesday",2
"491",8.66666666666667,"Wednesday",3
"492",8.68333333333333,"Monday",1
"493",8.68333333333333,"Thursday",5
"494",8.68333333333333,"Tuesday",3
"495",8.68333333333333,"Wednesday",6
"496",8.7,"Friday",3
"497",8.7,"Monday",1
"498",8.7,"Thursday",1
"499",8.7,"Tuesday",1
"500",8.7,"Wednesday",4
"501",8.71666666666667,"Friday",5
"502",8.71666666666667,"Monday",4
"503",8.71666666666667,"Thursday",3
"504",8.71666666666667,"Tuesday",1
"505",8.71666666666667,"Wednesday",3
"506",8.73333333333333,"Friday",3
"507",8.73333333333333,"Monday",4
"508",8.73333333333333,"Saturday",2
"509",8.73333333333333,"Thursday",2
"510",8.73333333333333,"Tuesday",1
"511",8.73333333333333,"Wednesday",1
"512",8.75,"Monday",2
"513",8.75,"Thursday",1
"514",8.75,"Tuesday",1
"515",8.75,"Wednesday",3
"516",8.76666666666667,"Friday",2
"517",8.76666666666667,"Monday",6
"518",8.76666666666667,"Thursday",5
"519",8.76666666666667,"Tuesday",1
"520",8.76666666666667,"Wednesday",5
"521",8.78333333333333,"Friday",3
"522",8.78333333333333,"Monday",1
"523",8.78333333333333,"Thursday",5
"524",8.78333333333333,"Tuesday",5
"525",8.78333333333333,"Wednesday",3
"526",8.8,"Friday",1
"527",8.8,"Monday",6
"528",8.8,"Thursday",4
"529",8.8,"Wednesday",4
"530",8.81666666666667,"Friday",5
"531",8.81666666666667,"Monday",5
"532",8.81666666666667,"Thursday",2
"533",8.81666666666667,"Tuesday",4
"534",8.81666666666667,"Wednesday",4
"535",8.83333333333333,"Friday",3
"536",8.83333333333333,"Monday",5
"537",8.83333333333333,"Saturday",1
"538",8.83333333333333,"Thursday",8
"539",8.83333333333333,"Tuesday",3
"540",8.83333333333333,"Wednesday",4
"541",8.85,"Friday",1
"542",8.85,"Monday",3
"543",8.85,"Thursday",2
"544",8.85,"Tuesday",3
"545",8.85,"Wednesday",3
"546",8.86666666666667,"Friday",4
"547",8.86666666666667,"Monday",1
"548",8.86666666666667,"Thursday",11
"549",8.86666666666667,"Tuesday",2
"550",8.86666666666667,"Wednesday",3
"551",8.88333333333333,"Friday",4
"552",8.88333333333333,"Monday",3
"553",8.88333333333333,"Thursday",8
"554",8.88333333333333,"Tuesday",2
"555",8.88333333333333,"Wednesday",2
"556",8.9,"Friday",1
"557",8.9,"Monday",5
"558",8.9,"Saturday",1
"559",8.9,"Sunday",1
"560",8.9,"Thursday",10
"561",8.9,"Tuesday",3
"562",8.9,"Wednesday",3
"563",8.91666666666667,"Friday",7
"564",8.91666666666667,"Monday",3
"565",8.91666666666667,"Thursday",10
"566",8.91666666666667,"Tuesday",3
"567",8.91666666666667,"Wednesday",1
"568",8.93333333333333,"Friday",2
"569",8.93333333333333,"Monday",9
"570",8.93333333333333,"Thursday",13
"571",8.93333333333333,"Wednesday",6
"572",8.95,"Friday",1
"573",8.95,"Monday",7
"574",8.95,"Thursday",10
"575",8.95,"Tuesday",2
"576",8.95,"Wednesday",2
"577",8.96666666666667,"Friday",5
"578",8.96666666666667,"Monday",3
"579",8.96666666666667,"Thursday",21
"580",8.96666666666667,"Tuesday",4
"581",8.96666666666667,"Wednesday",3
"582",8.98333333333333,"Friday",4
"583",8.98333333333333,"Monday",4
"584",8.98333333333333,"Thursday",18
"585",8.98333333333333,"Tuesday",1
"586",8.98333333333333,"Wednesday",2
"587",9,"Friday",3
"588",9,"Monday",7
"589",9,"Thursday",27
"590",9,"Tuesday",2
"591",9,"Wednesday",3
"592",9.01666666666667,"Friday",3
"593",9.01666666666667,"Monday",2
"594",9.01666666666667,"Thursday",5
"595",9.01666666666667,"Tuesday",3
"596",9.01666666666667,"Wednesday",1
"597",9.03333333333333,"Friday",2
"598",9.03333333333333,"Monday",1
"599",9.03333333333333,"Thursday",12
"600",9.03333333333333,"Tuesday",5
"601",9.03333333333333,"Wednesday",4
"602",9.05,"Friday",4
"603",9.05,"Monday",2
"604",9.05,"Thursday",13
"605",9.05,"Tuesday",1
"606",9.05,"Wednesday",3
"607",9.06666666666667,"Friday",3
"608",9.06666666666667,"Monday",6
"609",9.06666666666667,"Thursday",8
"610",9.06666666666667,"Tuesday",4
"611",9.06666666666667,"Wednesday",3
"612",9.08333333333333,"Friday",3
"613",9.08333333333333,"Monday",3
"614",9.08333333333333,"Thursday",11
"615",9.08333333333333,"Tuesday",4
"616",9.08333333333333,"Wednesday",2
"617",9.1,"Monday",2
"618",9.1,"Thursday",8
"619",9.1,"Tuesday",1
"620",9.1,"Wednesday",5
"621",9.11666666666667,"Friday",1
"622",9.11666666666667,"Monday",5
"623",9.11666666666667,"Thursday",12
"624",9.11666666666667,"Tuesday",3
"625",9.11666666666667,"Wednesday",6
"626",9.13333333333333,"Friday",2
"627",9.13333333333333,"Thursday",7
"628",9.13333333333333,"Tuesday",1
"629",9.13333333333333,"Wednesday",1
"630",9.15,"Friday",4
"631",9.15,"Monday",10
"632",9.15,"Thursday",4
"633",9.15,"Tuesday",10
"634",9.15,"Wednesday",2
"635",9.16666666666667,"Friday",5
"636",9.16666666666667,"Monday",4
"637",9.16666666666667,"Thursday",6
"638",9.16666666666667,"Tuesday",2
"639",9.16666666666667,"Wednesday",2
"640",9.18333333333333,"Friday",1
"641",9.18333333333333,"Monday",3
"642",9.18333333333333,"Sunday",1
"643",9.18333333333333,"Thursday",1
"644",9.18333333333333,"Tuesday",2
"645",9.18333333333333,"Wednesday",7
"646",9.2,"Friday",2
"647",9.2,"Monday",4
"648",9.2,"Thursday",2
"649",9.2,"Tuesday",4
"650",9.2,"Wednesday",7
"651",9.21666666666667,"Friday",1
"652",9.21666666666667,"Monday",2
"653",9.21666666666667,"Thursday",6
"654",9.21666666666667,"Tuesday",4
"655",9.21666666666667,"Wednesday",3
"656",9.23333333333333,"Friday",5
"657",9.23333333333333,"Monday",3
"658",9.23333333333333,"Tuesday",3
"659",9.23333333333333,"Wednesday",1
"660",9.25,"Friday",3
"661",9.25,"Saturday",1
"662",9.25,"Thursday",3
"663",9.25,"Tuesday",2
"664",9.25,"Wednesday",3
"665",9.26666666666667,"Friday",3
"666",9.26666666666667,"Monday",9
"667",9.26666666666667,"Thursday",2
"668",9.26666666666667,"Tuesday",4
"669",9.26666666666667,"Wednesday",4
"670",9.28333333333333,"Friday",3
"671",9.28333333333333,"Monday",4
"672",9.28333333333333,"Thursday",5
"673",9.28333333333333,"Tuesday",2
"674",9.28333333333333,"Wednesday",2
"675",9.3,"Friday",2
"676",9.3,"Monday",1
"677",9.3,"Saturday",1
"678",9.3,"Sunday",1
"679",9.3,"Thursday",7
"680",9.3,"Tuesday",4
"681",9.3,"Wednesday",8
"682",9.31666666666667,"Friday",3
"683",9.31666666666667,"Monday",8
"684",9.31666666666667,"Thursday",6
"685",9.31666666666667,"Tuesday",4
"686",9.31666666666667,"Wednesday",6
"687",9.33333333333333,"Friday",3
"688",9.33333333333333,"Monday",3
"689",9.33333333333333,"Thursday",2
"690",9.33333333333333,"Wednesday",5
"691",9.35,"Friday",1
"692",9.35,"Monday",3
"693",9.35,"Thursday",5
"694",9.35,"Tuesday",4
"695",9.35,"Wednesday",3
"696",9.36666666666667,"Friday",4
"697",9.36666666666667,"Sunday",1
"698",9.36666666666667,"Thursday",2
"699",9.36666666666667,"Tuesday",3
"700",9.36666666666667,"Wednesday",3
"701",9.38333333333333,"Friday",5
"702",9.38333333333333,"Monday",6
"703",9.38333333333333,"Thursday",6
"704",9.38333333333333,"Tuesday",2
"705",9.38333333333333,"Wednesday",10
"706",9.4,"Friday",3
"707",9.4,"Monday",3
"708",9.4,"Thursday",2
"709",9.4,"Tuesday",2
"710",9.4,"Wednesday",6
"711",9.41666666666667,"Friday",4
"712",9.41666666666667,"Monday",4
"713",9.41666666666667,"Saturday",1
"714",9.41666666666667,"Thursday",1
"715",9.41666666666667,"Tuesday",6
"716",9.41666666666667,"Wednesday",3
"717",9.43333333333333,"Friday",4
"718",9.43333333333333,"Monday",1
"719",9.43333333333333,"Thursday",4
"720",9.43333333333333,"Tuesday",4
"721",9.43333333333333,"Wednesday",5
"722",9.45,"Friday",2
"723",9.45,"Monday",3
"724",9.45,"Tuesday",5
"725",9.45,"Wednesday",5
"726",9.46666666666667,"Monday",1
"727",9.46666666666667,"Thursday",5
"728",9.46666666666667,"Tuesday",5
"729",9.46666666666667,"Wednesday",1
"730",9.48333333333333,"Friday",2
"731",9.48333333333333,"Monday",5
"732",9.48333333333333,"Thursday",5
"733",9.48333333333333,"Tuesday",2
"734",9.48333333333333,"Wednesday",6
"735",9.5,"Friday",5
"736",9.5,"Monday",5
"737",9.5,"Thursday",3
"738",9.5,"Tuesday",4
"739",9.5,"Wednesday",2
"740",9.51666666666667,"Friday",4
"741",9.51666666666667,"Monday",2
"742",9.51666666666667,"Tuesday",7
"743",9.51666666666667,"Wednesday",3
"744",9.53333333333333,"Friday",1
"745",9.53333333333333,"Monday",2
"746",9.53333333333333,"Thursday",2
"747",9.53333333333333,"Tuesday",2
"748",9.53333333333333,"Wednesday",6
"749",9.55,"Friday",1
"750",9.55,"Monday",3
"751",9.55,"Thursday",4
"752",9.55,"Tuesday",2
"753",9.55,"Wednesday",1
"754",9.56666666666667,"Friday",2
"755",9.56666666666667,"Monday",6
"756",9.56666666666667,"Thursday",2
"757",9.56666666666667,"Tuesday",3
"758",9.56666666666667,"Wednesday",2
"759",9.58333333333333,"Friday",4
"760",9.58333333333333,"Monday",1
"761",9.58333333333333,"Thursday",5
"762",9.58333333333333,"Tuesday",1
"763",9.58333333333333,"Wednesday",3
"764",9.6,"Friday",2
"765",9.6,"Monday",4
"766",9.6,"Tuesday",7
"767",9.6,"Wednesday",1
"768",9.61666666666667,"Friday",2
"769",9.61666666666667,"Monday",8
"770",9.61666666666667,"Thursday",3
"771",9.61666666666667,"Tuesday",4
"772",9.61666666666667,"Wednesday",2
"773",9.63333333333333,"Friday",5
"774",9.63333333333333,"Thursday",3
"775",9.63333333333333,"Tuesday",8
"776",9.63333333333333,"Wednesday",4
"777",9.65,"Friday",2
"778",9.65,"Monday",3
"779",9.65,"Thursday",3
"780",9.65,"Tuesday",7
"781",9.65,"Wednesday",4
"782",9.66666666666667,"Friday",3
"783",9.66666666666667,"Monday",6
"784",9.66666666666667,"Thursday",3
"785",9.66666666666667,"Tuesday",4
"786",9.66666666666667,"Wednesday",6
"787",9.68333333333333,"Monday",6
"788",9.68333333333333,"Thursday",3
"789",9.68333333333333,"Tuesday",4
"790",9.68333333333333,"Wednesday",4
"791",9.7,"Friday",3
"792",9.7,"Monday",6
"793",9.7,"Thursday",1
"794",9.7,"Tuesday",2
"795",9.7,"Wednesday",7
"796",9.71666666666667,"Friday",3
"797",9.71666666666667,"Monday",4
"798",9.71666666666667,"Thursday",3
"799",9.71666666666667,"Tuesday",1
"800",9.71666666666667,"Wednesday",6
"801",9.73333333333333,"Friday",3
"802",9.73333333333333,"Monday",9
"803",9.73333333333333,"Thursday",4
"804",9.73333333333333,"Tuesday",1
"805",9.73333333333333,"Wednesday",2
"806",9.75,"Friday",2
"807",9.75,"Monday",5
"808",9.75,"Thursday",2
"809",9.75,"Tuesday",4
"810",9.75,"Wednesday",2
"811",9.76666666666667,"Friday",4
"812",9.76666666666667,"Monday",2
"813",9.76666666666667,"Thursday",1
"814",9.76666666666667,"Tuesday",3
"815",9.76666666666667,"Wednesday",1
"816",9.78333333333333,"Friday",3
"817",9.78333333333333,"Monday",7
"818",9.78333333333333,"Thursday",5
"819",9.78333333333333,"Tuesday",2
"820",9.78333333333333,"Wednesday",1
"821",9.8,"Friday",2
"822",9.8,"Monday",3
"823",9.8,"Thursday",6
"824",9.8,"Tuesday",3
"825",9.8,"Wednesday",5
"826",9.81666666666667,"Friday",3
"827",9.81666666666667,"Monday",2
"828",9.81666666666667,"Thursday",3
"829",9.81666666666667,"Tuesday",3
"830",9.81666666666667,"Wednesday",3
"831",9.83333333333333,"Friday",2
"832",9.83333333333333,"Monday",3
"833",9.83333333333333,"Thursday",3
"834",9.83333333333333,"Tuesday",2
"835",9.83333333333333,"Wednesday",8
"836",9.85,"Friday",1
"837",9.85,"Monday",3
"838",9.85,"Saturday",2
"839",9.85,"Thursday",1
"840",9.85,"Tuesday",5
"841",9.85,"Wednesday",7
"842",9.86666666666667,"Friday",4
"843",9.86666666666667,"Monday",3
"844",9.86666666666667,"Thursday",4
"845",9.86666666666667,"Tuesday",3
"846",9.86666666666667,"Wednesday",3
"847",9.88333333333333,"Friday",4
"848",9.88333333333333,"Monday",3
"849",9.88333333333333,"Thursday",5
"850",9.88333333333333,"Tuesday",1
"851",9.88333333333333,"Wednesday",7
"852",9.9,"Friday",5
"853",9.9,"Monday",3
"854",9.9,"Thursday",2
"855",9.9,"Tuesday",2
"856",9.9,"Wednesday",4
"857",9.91666666666667,"Friday",4
"858",9.91666666666667,"Monday",3
"859",9.91666666666667,"Thursday",3
"860",9.91666666666667,"Tuesday",6
"861",9.91666666666667,"Wednesday",5
"862",9.93333333333333,"Friday",1
"863",9.93333333333333,"Monday",4
"864",9.93333333333333,"Thursday",4
"865",9.93333333333333,"Tuesday",3
"866",9.93333333333333,"Wednesday",7
"867",9.95,"Friday",1
"868",9.95,"Monday",2
"869",9.95,"Tuesday",2
"870",9.95,"Wednesday",4
"871",9.96666666666667,"Friday",3
"872",9.96666666666667,"Monday",6
"873",9.96666666666667,"Tuesday",7
"874",9.96666666666667,"Wednesday",4
"875",9.98333333333333,"Friday",1
"876",9.98333333333333,"Monday",1
"877",9.98333333333333,"Saturday",1
"878",9.98333333333333,"Thursday",3
"879",9.98333333333333,"Tuesday",3
"880",9.98333333333333,"Wednesday",5
"881",10,"Friday",4
"882",10,"Monday",4
"883",10,"Thursday",2
"884",10,"Tuesday",6
"885",10,"Wednesday",5
"886",10.0166666666667,"Friday",2
"887",10.0166666666667,"Monday",4
"888",10.0166666666667,"Thursday",2
"889",10.0166666666667,"Tuesday",2
"890",10.0166666666667,"Wednesday",2
"891",10.0333333333333,"Friday",4
"892",10.0333333333333,"Monday",3
"893",10.0333333333333,"Thursday",3
"894",10.0333333333333,"Tuesday",3
"895",10.0333333333333,"Wednesday",2
"896",10.05,"Friday",4
"897",10.05,"Monday",3
"898",10.05,"Thursday",2
"899",10.05,"Tuesday",7
"900",10.05,"Wednesday",2
"901",10.0666666666667,"Friday",4
"902",10.0666666666667,"Monday",7
"903",10.0666666666667,"Thursday",4
"904",10.0666666666667,"Tuesday",4
"905",10.0666666666667,"Wednesday",3
"906",10.0833333333333,"Friday",3
"907",10.0833333333333,"Monday",6
"908",10.0833333333333,"Thursday",4
"909",10.0833333333333,"Tuesday",2
"910",10.0833333333333,"Wednesday",5
"911",10.1,"Friday",5
"912",10.1,"Monday",3
"913",10.1,"Thursday",3
"914",10.1,"Tuesday",3
"915",10.1,"Wednesday",3
"916",10.1166666666667,"Friday",1
"917",10.1166666666667,"Monday",4
"918",10.1166666666667,"Sunday",1
"919",10.1166666666667,"Thursday",4
"920",10.1166666666667,"Tuesday",2
"921",10.1166666666667,"Wednesday",5
"922",10.1333333333333,"Friday",5
"923",10.1333333333333,"Monday",4
"924",10.1333333333333,"Thursday",2
"925",10.1333333333333,"Tuesday",3
"926",10.1333333333333,"Wednesday",11
"927",10.15,"Friday",1
"928",10.15,"Monday",3
"929",10.15,"Thursday",2
"930",10.15,"Tuesday",6
"931",10.15,"Wednesday",4
"932",10.1666666666667,"Friday",1
"933",10.1666666666667,"Monday",4
"934",10.1666666666667,"Saturday",1
"935",10.1666666666667,"Thursday",3
"936",10.1666666666667,"Tuesday",3
"937",10.1666666666667,"Wednesday",6
"938",10.1833333333333,"Friday",4
"939",10.1833333333333,"Monday",3
"940",10.1833333333333,"Tuesday",4
"941",10.1833333333333,"Wednesday",5
"942",10.2,"Friday",3
"943",10.2,"Monday",3
"944",10.2,"Tuesday",4
"945",10.2,"Wednesday",5
"946",10.2166666666667,"Monday",7
"947",10.2166666666667,"Thursday",5
"948",10.2166666666667,"Tuesday",5
"949",10.2166666666667,"Wednesday",4
"950",10.2333333333333,"Friday",4
"951",10.2333333333333,"Monday",6
"952",10.2333333333333,"Thursday",2
"953",10.2333333333333,"Tuesday",5
"954",10.2333333333333,"Wednesday",2
"955",10.25,"Friday",4
"956",10.25,"Monday",6
"957",10.25,"Tuesday",3
"958",10.25,"Wednesday",5
"959",10.2666666666667,"Friday",3
"960",10.2666666666667,"Monday",4
"961",10.2666666666667,"Thursday",2
"962",10.2666666666667,"Tuesday",6
"963",10.2666666666667,"Wednesday",9
"964",10.2833333333333,"Friday",6
"965",10.2833333333333,"Monday",4
"966",10.2833333333333,"Saturday",1
"967",10.2833333333333,"Thursday",1
"968",10.2833333333333,"Tuesday",2
"969",10.2833333333333,"Wednesday",5
"970",10.3,"Friday",2
"971",10.3,"Thursday",4
"972",10.3,"Tuesday",3
"973",10.3,"Wednesday",4
"974",10.3166666666667,"Friday",3
"975",10.3166666666667,"Sunday",1
"976",10.3166666666667,"Tuesday",3
"977",10.3166666666667,"Wednesday",3
"978",10.3333333333333,"Friday",1
"979",10.3333333333333,"Monday",4
"980",10.3333333333333,"Thursday",2
"981",10.3333333333333,"Tuesday",2
"982",10.3333333333333,"Wednesday",4
"983",10.35,"Friday",6
"984",10.35,"Monday",5
"985",10.35,"Tuesday",4
"986",10.35,"Wednesday",5
"987",10.3666666666667,"Friday",7
"988",10.3666666666667,"Monday",5
"989",10.3666666666667,"Thursday",1
"990",10.3666666666667,"Tuesday",2
"991",10.3666666666667,"Wednesday",2
"992",10.3833333333333,"Friday",2
"993",10.3833333333333,"Monday",3
"994",10.3833333333333,"Thursday",6
"995",10.3833333333333,"Tuesday",4
"996",10.3833333333333,"Wednesday",6
"997",10.4,"Friday",4
"998",10.4,"Monday",2
"999",10.4,"Thursday",1
"1000",10.4,"Tuesday",6
"1001",10.4,"Wednesday",8
"1002",10.4166666666667,"Friday",8
"1003",10.4166666666667,"Monday",6
"1004",10.4166666666667,"Tuesday",3
"1005",10.4333333333333,"Friday",3
"1006",10.4333333333333,"Monday",2
"1007",10.4333333333333,"Thursday",4
"1008",10.4333333333333,"Tuesday",3
"1009",10.4333333333333,"Wednesday",3
"1010",10.45,"Friday",3
"1011",10.45,"Monday",7
"1012",10.45,"Saturday",1
"1013",10.45,"Thursday",3
"1014",10.45,"Tuesday",5
"1015",10.45,"Wednesday",5
"1016",10.4666666666667,"Friday",3
"1017",10.4666666666667,"Monday",4
"1018",10.4666666666667,"Thursday",5
"1019",10.4666666666667,"Tuesday",4
"1020",10.4666666666667,"Wednesday",4
"1021",10.4833333333333,"Friday",5
"1022",10.4833333333333,"Monday",3
"1023",10.4833333333333,"Thursday",2
"1024",10.4833333333333,"Tuesday",3
"1025",10.4833333333333,"Wednesday",4
"1026",10.5,"Friday",3
"1027",10.5,"Monday",6
"1028",10.5,"Tuesday",1
"1029",10.5,"Wednesday",5
"1030",10.5166666666667,"Friday",1
"1031",10.5166666666667,"Monday",6
"1032",10.5166666666667,"Saturday",1
"1033",10.5166666666667,"Thursday",3
"1034",10.5166666666667,"Tuesday",10
"1035",10.5166666666667,"Wednesday",2
"1036",10.5333333333333,"Friday",3
"1037",10.5333333333333,"Monday",4
"1038",10.5333333333333,"Thursday",5
"1039",10.5333333333333,"Tuesday",5
"1040",10.5333333333333,"Wednesday",4
"1041",10.55,"Friday",2
"1042",10.55,"Monday",4
"1043",10.55,"Tuesday",4
"1044",10.55,"Wednesday",4
"1045",10.5666666666667,"Friday",6
"1046",10.5666666666667,"Monday",2
"1047",10.5666666666667,"Thursday",2
"1048",10.5666666666667,"Tuesday",4
"1049",10.5666666666667,"Wednesday",5
"1050",10.5833333333333,"Friday",2
"1051",10.5833333333333,"Monday",6
"1052",10.5833333333333,"Thursday",2
"1053",10.5833333333333,"Tuesday",4
"1054",10.5833333333333,"Wednesday",3
"1055",10.6,"Friday",2
"1056",10.6,"Monday",2
"1057",10.6,"Thursday",3
"1058",10.6,"Tuesday",5
"1059",10.6,"Wednesday",9
"1060",10.6166666666667,"Friday",1
"1061",10.6166666666667,"Monday",7
"1062",10.6166666666667,"Thursday",1
"1063",10.6166666666667,"Tuesday",2
"1064",10.6166666666667,"Wednesday",4
"1065",10.6333333333333,"Friday",3
"1066",10.6333333333333,"Monday",3
"1067",10.6333333333333,"Tuesday",6
"1068",10.6333333333333,"Wednesday",3
"1069",10.65,"Friday",3
"1070",10.65,"Tuesday",1
"1071",10.65,"Wednesday",6
"1072",10.6666666666667,"Friday",4
"1073",10.6666666666667,"Monday",5
"1074",10.6666666666667,"Sunday",1
"1075",10.6666666666667,"Thursday",1
"1076",10.6666666666667,"Tuesday",2
"1077",10.6666666666667,"Wednesday",4
"1078",10.6833333333333,"Friday",2
"1079",10.6833333333333,"Monday",2
"1080",10.6833333333333,"Thursday",4
"1081",10.6833333333333,"Tuesday",3
"1082",10.6833333333333,"Wednesday",5
"1083",10.7,"Friday",3
"1084",10.7,"Monday",5
"1085",10.7,"Thursday",2
"1086",10.7,"Tuesday",7
"1087",10.7,"Wednesday",4
"1088",10.7166666666667,"Friday",7
"1089",10.7166666666667,"Monday",6
"1090",10.7166666666667,"Thursday",3
"1091",10.7166666666667,"Tuesday",4
"1092",10.7333333333333,"Friday",6
"1093",10.7333333333333,"Monday",4
"1094",10.7333333333333,"Thursday",1
"1095",10.7333333333333,"Tuesday",8
"1096",10.7333333333333,"Wednesday",4
"1097",10.75,"Friday",3
"1098",10.75,"Thursday",2
"1099",10.75,"Tuesday",6
"1100",10.75,"Wednesday",4
"1101",10.7666666666667,"Friday",2
"1102",10.7666666666667,"Monday",4
"1103",10.7666666666667,"Thursday",4
"1104",10.7666666666667,"Tuesday",5
"1105",10.7666666666667,"Wednesday",6
"1106",10.7833333333333,"Friday",4
"1107",10.7833333333333,"Monday",3
"1108",10.7833333333333,"Thursday",1
"1109",10.7833333333333,"Tuesday",9
"1110",10.7833333333333,"Wednesday",9
"1111",10.8,"Friday",3
"1112",10.8,"Monday",2
"1113",10.8,"Thursday",2
"1114",10.8,"Tuesday",5
"1115",10.8,"Wednesday",2
"1116",10.8166666666667,"Friday",5
"1117",10.8166666666667,"Monday",5
"1118",10.8166666666667,"Thursday",5
"1119",10.8166666666667,"Tuesday",2
"1120",10.8166666666667,"Wednesday",3
"1121",10.8333333333333,"Friday",3
"1122",10.8333333333333,"Monday",1
"1123",10.8333333333333,"Sunday",1
"1124",10.8333333333333,"Thursday",3
"1125",10.8333333333333,"Tuesday",4
"1126",10.8333333333333,"Wednesday",3
"1127",10.85,"Friday",3
"1128",10.85,"Monday",7
"1129",10.85,"Thursday",6
"1130",10.85,"Tuesday",4
"1131",10.85,"Wednesday",7
"1132",10.8666666666667,"Friday",6
"1133",10.8666666666667,"Monday",5
"1134",10.8666666666667,"Thursday",2
"1135",10.8666666666667,"Tuesday",7
"1136",10.8666666666667,"Wednesday",5
"1137",10.8833333333333,"Friday",2
"1138",10.8833333333333,"Monday",6
"1139",10.8833333333333,"Saturday",1
"1140",10.8833333333333,"Tuesday",2
"1141",10.8833333333333,"Wednesday",3
"1142",10.9,"Friday",5
"1143",10.9,"Monday",5
"1144",10.9,"Thursday",2
"1145",10.9,"Tuesday",2
"1146",10.9,"Wednesday",4
"1147",10.9166666666667,"Friday",6
"1148",10.9166666666667,"Monday",2
"1149",10.9166666666667,"Thursday",3
"1150",10.9166666666667,"Tuesday",4
"1151",10.9166666666667,"Wednesday",3
"1152",10.9333333333333,"Friday",2
"1153",10.9333333333333,"Monday",3
"1154",10.9333333333333,"Thursday",2
"1155",10.9333333333333,"Tuesday",3
"1156",10.9333333333333,"Wednesday",4
"1157",10.95,"Friday",4
"1158",10.95,"Monday",4
"1159",10.95,"Thursday",1
"1160",10.95,"Tuesday",1
"1161",10.95,"Wednesday",2
"1162",10.9666666666667,"Friday",3
"1163",10.9666666666667,"Monday",4
"1164",10.9666666666667,"Sunday",1
"1165",10.9666666666667,"Thursday",6
"1166",10.9666666666667,"Tuesday",4
"1167",10.9666666666667,"Wednesday",4
"1168",10.9833333333333,"Friday",2
"1169",10.9833333333333,"Monday",4
"1170",10.9833333333333,"Thursday",5
"1171",10.9833333333333,"Tuesday",1
"1172",10.9833333333333,"Wednesday",5
"1173",11,"Friday",1
"1174",11,"Monday",4
"1175",11,"Thursday",2
"1176",11,"Tuesday",4
"1177",11,"Wednesday",13
"1178",11.0166666666667,"Friday",6
"1179",11.0166666666667,"Monday",3
"1180",11.0166666666667,"Sunday",1
"1181",11.0166666666667,"Thursday",5
"1182",11.0166666666667,"Tuesday",7
"1183",11.0166666666667,"Wednesday",3
"1184",11.0333333333333,"Friday",2
"1185",11.0333333333333,"Monday",2
"1186",11.0333333333333,"Thursday",2
"1187",11.0333333333333,"Tuesday",5
"1188",11.0333333333333,"Wednesday",7
"1189",11.05,"Friday",6
"1190",11.05,"Monday",1
"1191",11.05,"Thursday",3
"1192",11.05,"Tuesday",6
"1193",11.05,"Wednesday",2
"1194",11.0666666666667,"Friday",4
"1195",11.0666666666667,"Monday",6
"1196",11.0666666666667,"Thursday",5
"1197",11.0666666666667,"Tuesday",3
"1198",11.0666666666667,"Wednesday",2
"1199",11.0833333333333,"Friday",4
"1200",11.0833333333333,"Monday",6
"1201",11.0833333333333,"Saturday",1
"1202",11.0833333333333,"Thursday",4
"1203",11.0833333333333,"Tuesday",8
"1204",11.0833333333333,"Wednesday",6
"1205",11.1,"Monday",4
"1206",11.1,"Thursday",4
"1207",11.1,"Tuesday",4
"1208",11.1,"Wednesday",6
"1209",11.1166666666667,"Friday",4
"1210",11.1166666666667,"Monday",2
"1211",11.1166666666667,"Thursday",2
"1212",11.1166666666667,"Tuesday",5
"1213",11.1166666666667,"Wednesday",5
"1214",11.1333333333333,"Friday",4
"1215",11.1333333333333,"Monday",3
"1216",11.1333333333333,"Thursday",7
"1217",11.1333333333333,"Tuesday",2
"1218",11.1333333333333,"Wednesday",4
"1219",11.15,"Friday",1
"1220",11.15,"Monday",3
"1221",11.15,"Thursday",5
"1222",11.15,"Tuesday",9
"1223",11.15,"Wednesday",3
"1224",11.1666666666667,"Friday",6
"1225",11.1666666666667,"Monday",1
"1226",11.1666666666667,"Thursday",5
"1227",11.1666666666667,"Tuesday",3
"1228",11.1666666666667,"Wednesday",5
"1229",11.1833333333333,"Friday",2
"1230",11.1833333333333,"Monday",4
"1231",11.1833333333333,"Thursday",5
"1232",11.1833333333333,"Tuesday",2
"1233",11.1833333333333,"Wednesday",6
"1234",11.2,"Friday",3
"1235",11.2,"Monday",6
"1236",11.2,"Thursday",2
"1237",11.2,"Tuesday",8
"1238",11.2,"Wednesday",4
"1239",11.2166666666667,"Friday",5
"1240",11.2166666666667,"Monday",4
"1241",11.2166666666667,"Thursday",7
"1242",11.2166666666667,"Tuesday",2
"1243",11.2166666666667,"Wednesday",5
"1244",11.2333333333333,"Monday",2
"1245",11.2333333333333,"Thursday",5
"1246",11.2333333333333,"Tuesday",7
"1247",11.2333333333333,"Wednesday",1
"1248",11.25,"Friday",3
"1249",11.25,"Monday",6
"1250",11.25,"Thursday",2
"1251",11.25,"Tuesday",6
"1252",11.25,"Wednesday",5
"1253",11.2666666666667,"Friday",3
"1254",11.2666666666667,"Monday",5
"1255",11.2666666666667,"Thursday",3
"1256",11.2666666666667,"Tuesday",6
"1257",11.2666666666667,"Wednesday",3
"1258",11.2833333333333,"Friday",4
"1259",11.2833333333333,"Monday",4
"1260",11.2833333333333,"Thursday",2
"1261",11.2833333333333,"Tuesday",3
"1262",11.2833333333333,"Wednesday",3
"1263",11.3,"Friday",2
"1264",11.3,"Monday",1
"1265",11.3,"Saturday",1
"1266",11.3,"Thursday",3
"1267",11.3,"Tuesday",5
"1268",11.3,"Wednesday",5
"1269",11.3166666666667,"Friday",1
"1270",11.3166666666667,"Monday",2
"1271",11.3166666666667,"Tuesday",3
"1272",11.3166666666667,"Wednesday",3
"1273",11.3333333333333,"Friday",6
"1274",11.3333333333333,"Monday",1
"1275",11.3333333333333,"Thursday",1
"1276",11.3333333333333,"Tuesday",2
"1277",11.3333333333333,"Wednesday",3
"1278",11.35,"Friday",4
"1279",11.35,"Monday",2
"1280",11.35,"Thursday",2
"1281",11.35,"Tuesday",3
"1282",11.35,"Wednesday",1
"1283",11.3666666666667,"Friday",2
"1284",11.3666666666667,"Monday",2
"1285",11.3666666666667,"Thursday",1
"1286",11.3666666666667,"Tuesday",4
"1287",11.3666666666667,"Wednesday",10
"1288",11.3833333333333,"Friday",3
"1289",11.3833333333333,"Monday",3
"1290",11.3833333333333,"Thursday",7
"1291",11.3833333333333,"Tuesday",6
"1292",11.3833333333333,"Wednesday",5
"1293",11.4,"Friday",3
"1294",11.4,"Monday",2
"1295",11.4,"Saturday",1
"1296",11.4,"Thursday",4
"1297",11.4,"Tuesday",2
"1298",11.4,"Wednesday",5
"1299",11.4166666666667,"Friday",5
"1300",11.4166666666667,"Monday",4
"1301",11.4166666666667,"Saturday",1
"1302",11.4166666666667,"Thursday",1
"1303",11.4166666666667,"Tuesday",2
"1304",11.4166666666667,"Wednesday",9
"1305",11.4333333333333,"Friday",1
"1306",11.4333333333333,"Monday",5
"1307",11.4333333333333,"Thursday",4
"1308",11.4333333333333,"Tuesday",5
"1309",11.4333333333333,"Wednesday",2
"1310",11.45,"Friday",4
"1311",11.45,"Monday",5
"1312",11.45,"Thursday",6
"1313",11.45,"Tuesday",3
"1314",11.45,"Wednesday",2
"1315",11.4666666666667,"Friday",4
"1316",11.4666666666667,"Monday",1
"1317",11.4666666666667,"Thursday",8
"1318",11.4666666666667,"Tuesday",6
"1319",11.4666666666667,"Wednesday",6
"1320",11.4833333333333,"Friday",1
"1321",11.4833333333333,"Monday",4
"1322",11.4833333333333,"Thursday",3
"1323",11.4833333333333,"Tuesday",1
"1324",11.4833333333333,"Wednesday",6
"1325",11.5,"Friday",3
"1326",11.5,"Monday",5
"1327",11.5,"Thursday",3
"1328",11.5,"Tuesday",1
"1329",11.5,"Wednesday",4
"1330",11.5166666666667,"Friday",4
"1331",11.5166666666667,"Monday",3
"1332",11.5166666666667,"Thursday",4
"1333",11.5166666666667,"Tuesday",3
"1334",11.5166666666667,"Wednesday",5
"1335",11.5333333333333,"Friday",3
"1336",11.5333333333333,"Monday",4
"1337",11.5333333333333,"Thursday",1
"1338",11.5333333333333,"Tuesday",3
"1339",11.5333333333333,"Wednesday",2
"1340",11.55,"Friday",2
"1341",11.55,"Monday",5
"1342",11.55,"Thursday",1
"1343",11.55,"Tuesday",3
"1344",11.55,"Wednesday",7
"1345",11.5666666666667,"Friday",4
"1346",11.5666666666667,"Monday",7
"1347",11.5666666666667,"Thursday",2
"1348",11.5666666666667,"Tuesday",2
"1349",11.5666666666667,"Wednesday",4
"1350",11.5833333333333,"Friday",5
"1351",11.5833333333333,"Thursday",5
"1352",11.5833333333333,"Tuesday",2
"1353",11.5833333333333,"Wednesday",3
"1354",11.6,"Friday",4
"1355",11.6,"Monday",3
"1356",11.6,"Saturday",1
"1357",11.6,"Thursday",3
"1358",11.6,"Tuesday",3
"1359",11.6,"Wednesday",3
"1360",11.6166666666667,"Friday",4
"1361",11.6166666666667,"Monday",2
"1362",11.6166666666667,"Thursday",4
"1363",11.6166666666667,"Tuesday",5
"1364",11.6166666666667,"Wednesday",4
"1365",11.6333333333333,"Friday",2
"1366",11.6333333333333,"Monday",3
"1367",11.6333333333333,"Thursday",3
"1368",11.6333333333333,"Tuesday",1
"1369",11.6333333333333,"Wednesday",5
"1370",11.65,"Friday",1
"1371",11.65,"Monday",1
"1372",11.65,"Thursday",7
"1373",11.65,"Tuesday",2
"1374",11.65,"Wednesday",7
"1375",11.6666666666667,"Friday",2
"1376",11.6666666666667,"Monday",5
"1377",11.6666666666667,"Sunday",1
"1378",11.6666666666667,"Thursday",3
"1379",11.6666666666667,"Tuesday",7
"1380",11.6666666666667,"Wednesday",4
"1381",11.6833333333333,"Friday",2
"1382",11.6833333333333,"Monday",4
"1383",11.6833333333333,"Thursday",1
"1384",11.6833333333333,"Tuesday",2
"1385",11.6833333333333,"Wednesday",4
"1386",11.7,"Friday",5
"1387",11.7,"Monday",4
"1388",11.7,"Thursday",2
"1389",11.7,"Tuesday",3
"1390",11.7,"Wednesday",2
"1391",11.7166666666667,"Friday",6
"1392",11.7166666666667,"Monday",2
"1393",11.7166666666667,"Thursday",4
"1394",11.7166666666667,"Tuesday",3
"1395",11.7166666666667,"Wednesday",3
"1396",11.7333333333333,"Friday",5
"1397",11.7333333333333,"Monday",8
"1398",11.7333333333333,"Thursday",2
"1399",11.7333333333333,"Tuesday",4
"1400",11.7333333333333,"Wednesday",1
"1401",11.75,"Friday",3
"1402",11.75,"Monday",4
"1403",11.75,"Thursday",3
"1404",11.75,"Tuesday",1
"1405",11.75,"Wednesday",5
"1406",11.7666666666667,"Friday",2
"1407",11.7666666666667,"Monday",5
"1408",11.7666666666667,"Sunday",1
"1409",11.7666666666667,"Tuesday",2
"1410",11.7666666666667,"Wednesday",5
"1411",11.7833333333333,"Friday",1
"1412",11.7833333333333,"Monday",3
"1413",11.7833333333333,"Thursday",2
"1414",11.7833333333333,"Tuesday",3
"1415",11.7833333333333,"Wednesday",5
"1416",11.8,"Friday",6
"1417",11.8,"Monday",2
"1418",11.8,"Thursday",3
"1419",11.8,"Tuesday",4
"1420",11.8,"Wednesday",2
"1421",11.8166666666667,"Friday",4
"1422",11.8166666666667,"Monday",8
"1423",11.8166666666667,"Thursday",2
"1424",11.8166666666667,"Wednesday",6
"1425",11.8333333333333,"Friday",4
"1426",11.8333333333333,"Monday",3
"1427",11.8333333333333,"Thursday",4
"1428",11.8333333333333,"Tuesday",3
"1429",11.8333333333333,"Wednesday",2
"1430",11.85,"Friday",3
"1431",11.85,"Monday",5
"1432",11.85,"Thursday",1
"1433",11.85,"Tuesday",3
"1434",11.8666666666667,"Friday",3
"1435",11.8666666666667,"Monday",8
"1436",11.8666666666667,"Thursday",5
"1437",11.8666666666667,"Tuesday",1
"1438",11.8666666666667,"Wednesday",7
"1439",11.8833333333333,"Friday",5
"1440",11.8833333333333,"Monday",3
"1441",11.8833333333333,"Thursday",1
"1442",11.8833333333333,"Tuesday",5
"1443",11.8833333333333,"Wednesday",3
"1444",11.9,"Friday",1
"1445",11.9,"Monday",2
"1446",11.9,"Thursday",1
"1447",11.9,"Tuesday",6
"1448",11.9,"Wednesday",3
"1449",11.9166666666667,"Friday",3
"1450",11.9166666666667,"Monday",4
"1451",11.9166666666667,"Thursday",4
"1452",11.9166666666667,"Tuesday",4
"1453",11.9166666666667,"Wednesday",7
"1454",11.9333333333333,"Friday",3
"1455",11.9333333333333,"Monday",10
"1456",11.9333333333333,"Saturday",1
"1457",11.9333333333333,"Thursday",2
"1458",11.9333333333333,"Wednesday",7
"1459",11.95,"Friday",3
"1460",11.95,"Monday",3
"1461",11.95,"Tuesday",2
"1462",11.9666666666667,"Friday",3
"1463",11.9666666666667,"Monday",3
"1464",11.9666666666667,"Thursday",4
"1465",11.9666666666667,"Tuesday",4
"1466",11.9666666666667,"Wednesday",1
"1467",11.9833333333333,"Friday",8
"1468",11.9833333333333,"Monday",4
"1469",11.9833333333333,"Thursday",3
"1470",11.9833333333333,"Tuesday",6
"1471",11.9833333333333,"Wednesday",1
"1472",12,"Friday",4
"1473",12,"Monday",6
"1474",12,"Thursday",4
"1475",12,"Tuesday",3
"1476",12,"Wednesday",2
"1477",12.0166666666667,"Friday",4
"1478",12.0166666666667,"Monday",5
"1479",12.0166666666667,"Thursday",1
"1480",12.0166666666667,"Tuesday",4
"1481",12.0166666666667,"Wednesday",11
"1482",12.0333333333333,"Friday",3
"1483",12.0333333333333,"Monday",8
"1484",12.0333333333333,"Thursday",3
"1485",12.0333333333333,"Tuesday",4
"1486",12.0333333333333,"Wednesday",3
"1487",12.05,"Friday",3
"1488",12.05,"Monday",3
"1489",12.05,"Thursday",3
"1490",12.05,"Tuesday",4
"1491",12.05,"Wednesday",7
"1492",12.0666666666667,"Friday",3
"1493",12.0666666666667,"Monday",2
"1494",12.0666666666667,"Thursday",4
"1495",12.0666666666667,"Tuesday",9
"1496",12.0666666666667,"Wednesday",2
"1497",12.0833333333333,"Friday",3
"1498",12.0833333333333,"Monday",8
"1499",12.0833333333333,"Thursday",1
"1500",12.0833333333333,"Tuesday",6
"1501",12.0833333333333,"Wednesday",5
"1502",12.1,"Friday",7
"1503",12.1,"Monday",3
"1504",12.1,"Thursday",2
"1505",12.1,"Tuesday",5
"1506",12.1,"Wednesday",4
"1507",12.1166666666667,"Friday",3
"1508",12.1166666666667,"Monday",4
"1509",12.1166666666667,"Thursday",3
"1510",12.1166666666667,"Tuesday",1
"1511",12.1166666666667,"Wednesday",4
"1512",12.1333333333333,"Friday",3
"1513",12.1333333333333,"Monday",3
"1514",12.1333333333333,"Thursday",2
"1515",12.1333333333333,"Tuesday",5
"1516",12.1333333333333,"Wednesday",5
"1517",12.15,"Friday",4
"1518",12.15,"Monday",7
"1519",12.15,"Thursday",3
"1520",12.15,"Tuesday",8
"1521",12.15,"Wednesday",1
"1522",12.1666666666667,"Friday",3
"1523",12.1666666666667,"Monday",9
"1524",12.1666666666667,"Thursday",5
"1525",12.1666666666667,"Tuesday",6
"1526",12.1666666666667,"Wednesday",4
"1527",12.1833333333333,"Friday",4
"1528",12.1833333333333,"Monday",5
"1529",12.1833333333333,"Thursday",2
"1530",12.1833333333333,"Tuesday",1
"1531",12.1833333333333,"Wednesday",3
"1532",12.2,"Friday",3
"1533",12.2,"Monday",5
"1534",12.2,"Sunday",1
"1535",12.2,"Thursday",2
"1536",12.2,"Tuesday",4
"1537",12.2,"Wednesday",3
"1538",12.2166666666667,"Friday",4
"1539",12.2166666666667,"Monday",2
"1540",12.2166666666667,"Thursday",3
"1541",12.2166666666667,"Tuesday",4
"1542",12.2166666666667,"Wednesday",3
"1543",12.2333333333333,"Friday",1
"1544",12.2333333333333,"Monday",4
"1545",12.2333333333333,"Thursday",4
"1546",12.2333333333333,"Tuesday",2
"1547",12.2333333333333,"Wednesday",3
"1548",12.25,"Friday",5
"1549",12.25,"Monday",5
"1550",12.25,"Thursday",4
"1551",12.25,"Tuesday",5
"1552",12.25,"Wednesday",9
"1553",12.2666666666667,"Friday",4
"1554",12.2666666666667,"Monday",3
"1555",12.2666666666667,"Thursday",4
"1556",12.2666666666667,"Tuesday",1
"1557",12.2666666666667,"Wednesday",5
"1558",12.2833333333333,"Friday",2
"1559",12.2833333333333,"Monday",5
"1560",12.2833333333333,"Thursday",4
"1561",12.2833333333333,"Wednesday",6
"1562",12.3,"Friday",3
"1563",12.3,"Thursday",2
"1564",12.3,"Tuesday",4
"1565",12.3,"Wednesday",3
"1566",12.3166666666667,"Friday",3
"1567",12.3166666666667,"Monday",1
"1568",12.3166666666667,"Thursday",2
"1569",12.3166666666667,"Tuesday",4
"1570",12.3166666666667,"Wednesday",5
"1571",12.3333333333333,"Friday",1
"1572",12.3333333333333,"Monday",7
"1573",12.3333333333333,"Thursday",2
"1574",12.3333333333333,"Tuesday",4
"1575",12.35,"Friday",2
"1576",12.35,"Monday",4
"1577",12.35,"Sunday",1
"1578",12.35,"Thursday",5
"1579",12.35,"Tuesday",4
"1580",12.35,"Wednesday",3
"1581",12.3666666666667,"Friday",5
"1582",12.3666666666667,"Monday",5
"1583",12.3666666666667,"Thursday",4
"1584",12.3666666666667,"Tuesday",6
"1585",12.3666666666667,"Wednesday",1
"1586",12.3833333333333,"Friday",4
"1587",12.3833333333333,"Monday",1
"1588",12.3833333333333,"Thursday",6
"1589",12.3833333333333,"Tuesday",4
"1590",12.3833333333333,"Wednesday",2
"1591",12.4,"Friday",4
"1592",12.4,"Monday",3
"1593",12.4,"Thursday",3
"1594",12.4,"Wednesday",4
"1595",12.4166666666667,"Friday",3
"1596",12.4166666666667,"Monday",3
"1597",12.4166666666667,"Thursday",4
"1598",12.4166666666667,"Tuesday",4
"1599",12.4166666666667,"Wednesday",6
"1600",12.4333333333333,"Friday",5
"1601",12.4333333333333,"Monday",2
"1602",12.4333333333333,"Thursday",4
"1603",12.4333333333333,"Tuesday",3
"1604",12.4333333333333,"Wednesday",6
"1605",12.45,"Friday",5
"1606",12.45,"Monday",4
"1607",12.45,"Sunday",1
"1608",12.45,"Thursday",4
"1609",12.45,"Tuesday",2
"1610",12.45,"Wednesday",2
"1611",12.4666666666667,"Monday",2
"1612",12.4666666666667,"Thursday",4
"1613",12.4666666666667,"Tuesday",3
"1614",12.4666666666667,"Wednesday",3
"1615",12.4833333333333,"Friday",5
"1616",12.4833333333333,"Monday",1
"1617",12.4833333333333,"Thursday",4
"1618",12.4833333333333,"Tuesday",5
"1619",12.4833333333333,"Wednesday",5
"1620",12.5,"Friday",4
"1621",12.5,"Monday",3
"1622",12.5,"Thursday",5
"1623",12.5,"Tuesday",4
"1624",12.5,"Wednesday",5
"1625",12.5166666666667,"Friday",5
"1626",12.5166666666667,"Monday",5
"1627",12.5166666666667,"Thursday",7
"1628",12.5166666666667,"Tuesday",3
"1629",12.5166666666667,"Wednesday",3
"1630",12.5333333333333,"Friday",3
"1631",12.5333333333333,"Monday",4
"1632",12.5333333333333,"Thursday",7
"1633",12.5333333333333,"Tuesday",4
"1634",12.5333333333333,"Wednesday",5
"1635",12.55,"Friday",4
"1636",12.55,"Monday",3
"1637",12.55,"Thursday",1
"1638",12.55,"Tuesday",5
"1639",12.55,"Wednesday",7
"1640",12.5666666666667,"Friday",5
"1641",12.5666666666667,"Monday",7
"1642",12.5666666666667,"Thursday",3
"1643",12.5666666666667,"Wednesday",2
"1644",12.5833333333333,"Friday",3
"1645",12.5833333333333,"Monday",4
"1646",12.5833333333333,"Thursday",4
"1647",12.5833333333333,"Tuesday",1
"1648",12.5833333333333,"Wednesday",7
"1649",12.6,"Monday",3
"1650",12.6,"Thursday",5
"1651",12.6,"Tuesday",4
"1652",12.6,"Wednesday",6
"1653",12.6166666666667,"Friday",2
"1654",12.6166666666667,"Monday",3
"1655",12.6166666666667,"Thursday",4
"1656",12.6166666666667,"Tuesday",4
"1657",12.6166666666667,"Wednesday",8
"1658",12.6333333333333,"Friday",5
"1659",12.6333333333333,"Monday",3
"1660",12.6333333333333,"Thursday",4
"1661",12.6333333333333,"Tuesday",3
"1662",12.6333333333333,"Wednesday",3
"1663",12.65,"Friday",6
"1664",12.65,"Monday",5
"1665",12.65,"Thursday",2
"1666",12.65,"Tuesday",2
"1667",12.65,"Wednesday",7
"1668",12.6666666666667,"Friday",4
"1669",12.6666666666667,"Monday",2
"1670",12.6666666666667,"Thursday",3
"1671",12.6666666666667,"Tuesday",7
"1672",12.6666666666667,"Wednesday",3
"1673",12.6833333333333,"Friday",4
"1674",12.6833333333333,"Monday",10
"1675",12.6833333333333,"Tuesday",6
"1676",12.6833333333333,"Wednesday",5
"1677",12.7,"Friday",3
"1678",12.7,"Tuesday",3
"1679",12.7,"Wednesday",4
"1680",12.7166666666667,"Friday",5
"1681",12.7166666666667,"Monday",5
"1682",12.7166666666667,"Thursday",4
"1683",12.7166666666667,"Tuesday",1
"1684",12.7166666666667,"Wednesday",1
"1685",12.7333333333333,"Friday",2
"1686",12.7333333333333,"Monday",3
"1687",12.7333333333333,"Sunday",1
"1688",12.7333333333333,"Thursday",4
"1689",12.7333333333333,"Tuesday",2
"1690",12.7333333333333,"Wednesday",2
"1691",12.75,"Friday",3
"1692",12.75,"Monday",5
"1693",12.75,"Thursday",3
"1694",12.75,"Tuesday",2
"1695",12.75,"Wednesday",1
"1696",12.7666666666667,"Friday",3
"1697",12.7666666666667,"Monday",2
"1698",12.7666666666667,"Thursday",2
"1699",12.7666666666667,"Tuesday",2
"1700",12.7666666666667,"Wednesday",4
"1701",12.7833333333333,"Friday",4
"1702",12.7833333333333,"Monday",1
"1703",12.7833333333333,"Thursday",3
"1704",12.7833333333333,"Tuesday",2
"1705",12.7833333333333,"Wednesday",2
"1706",12.8,"Friday",4
"1707",12.8,"Monday",7
"1708",12.8,"Thursday",2
"1709",12.8,"Tuesday",1
"1710",12.8,"Wednesday",3
"1711",12.8166666666667,"Friday",3
"1712",12.8166666666667,"Monday",6
"1713",12.8166666666667,"Thursday",3
"1714",12.8166666666667,"Tuesday",1
"1715",12.8166666666667,"Wednesday",3
"1716",12.8333333333333,"Friday",9
"1717",12.8333333333333,"Monday",5
"1718",12.8333333333333,"Saturday",1
"1719",12.8333333333333,"Thursday",3
"1720",12.8333333333333,"Tuesday",4
"1721",12.8333333333333,"Wednesday",6
"1722",12.85,"Friday",6
"1723",12.85,"Monday",2
"1724",12.85,"Thursday",3
"1725",12.85,"Tuesday",2
"1726",12.85,"Wednesday",4
"1727",12.8666666666667,"Friday",5
"1728",12.8666666666667,"Monday",5
"1729",12.8666666666667,"Thursday",4
"1730",12.8666666666667,"Tuesday",3
"1731",12.8666666666667,"Wednesday",1
"1732",12.8833333333333,"Friday",5
"1733",12.8833333333333,"Monday",5
"1734",12.8833333333333,"Thursday",4
"1735",12.8833333333333,"Tuesday",3
"1736",12.8833333333333,"Wednesday",7
"1737",12.9,"Friday",1
"1738",12.9,"Monday",2
"1739",12.9,"Thursday",6
"1740",12.9,"Tuesday",4
"1741",12.9,"Wednesday",7
"1742",12.9166666666667,"Friday",2
"1743",12.9166666666667,"Monday",6
"1744",12.9166666666667,"Sunday",1
"1745",12.9166666666667,"Thursday",2
"1746",12.9166666666667,"Tuesday",7
"1747",12.9166666666667,"Wednesday",5
"1748",12.9333333333333,"Friday",6
"1749",12.9333333333333,"Monday",4
"1750",12.9333333333333,"Thursday",6
"1751",12.9333333333333,"Tuesday",2
"1752",12.9333333333333,"Wednesday",5
"1753",12.95,"Friday",3
"1754",12.95,"Monday",5
"1755",12.95,"Thursday",3
"1756",12.95,"Tuesday",4
"1757",12.95,"Wednesday",4
"1758",12.9666666666667,"Friday",3
"1759",12.9666666666667,"Monday",5
"1760",12.9666666666667,"Thursday",4
"1761",12.9666666666667,"Tuesday",2
"1762",12.9666666666667,"Wednesday",1
"1763",12.9833333333333,"Friday",5
"1764",12.9833333333333,"Monday",5
"1765",12.9833333333333,"Tuesday",6
"1766",12.9833333333333,"Wednesday",6
"1767",13,"Friday",3
"1768",13,"Monday",3
"1769",13,"Sunday",1
"1770",13,"Thursday",3
"1771",13,"Tuesday",2
"1772",13,"Wednesday",6
"1773",13.0166666666667,"Friday",1
"1774",13.0166666666667,"Monday",2
"1775",13.0166666666667,"Thursday",2
"1776",13.0166666666667,"Tuesday",2
"1777",13.0166666666667,"Wednesday",6
"1778",13.0333333333333,"Friday",3
"1779",13.0333333333333,"Monday",3
"1780",13.0333333333333,"Thursday",1
"1781",13.0333333333333,"Tuesday",5
"1782",13.0333333333333,"Wednesday",1
"1783",13.05,"Friday",3
"1784",13.05,"Monday",4
"1785",13.05,"Thursday",5
"1786",13.05,"Tuesday",2
"1787",13.05,"Wednesday",3
"1788",13.0666666666667,"Friday",3
"1789",13.0666666666667,"Monday",1
"1790",13.0666666666667,"Thursday",7
"1791",13.0666666666667,"Tuesday",3
"1792",13.0666666666667,"Wednesday",1
"1793",13.0833333333333,"Friday",2
"1794",13.0833333333333,"Monday",6
"1795",13.0833333333333,"Thursday",3
"1796",13.0833333333333,"Tuesday",6
"1797",13.0833333333333,"Wednesday",7
"1798",13.1,"Friday",2
"1799",13.1,"Monday",3
"1800",13.1,"Thursday",2
"1801",13.1,"Tuesday",1
"1802",13.1,"Wednesday",3
"1803",13.1166666666667,"Friday",1
"1804",13.1166666666667,"Monday",1
"1805",13.1166666666667,"Thursday",3
"1806",13.1166666666667,"Tuesday",7
"1807",13.1166666666667,"Wednesday",3
"1808",13.1333333333333,"Friday",1
"1809",13.1333333333333,"Thursday",3
"1810",13.1333333333333,"Tuesday",3
"1811",13.1333333333333,"Wednesday",2
"1812",13.15,"Monday",4
"1813",13.15,"Thursday",5
"1814",13.15,"Tuesday",4
"1815",13.15,"Wednesday",5
"1816",13.1666666666667,"Friday",4
"1817",13.1666666666667,"Thursday",2
"1818",13.1666666666667,"Tuesday",3
"1819",13.1666666666667,"Wednesday",4
"1820",13.1833333333333,"Friday",1
"1821",13.1833333333333,"Sunday",1
"1822",13.1833333333333,"Thursday",2
"1823",13.1833333333333,"Tuesday",6
"1824",13.1833333333333,"Wednesday",3
"1825",13.2,"Friday",5
"1826",13.2,"Monday",4
"1827",13.2,"Thursday",3
"1828",13.2,"Tuesday",1
"1829",13.2,"Wednesday",3
"1830",13.2166666666667,"Friday",3
"1831",13.2166666666667,"Monday",7
"1832",13.2166666666667,"Thursday",2
"1833",13.2166666666667,"Tuesday",2
"1834",13.2333333333333,"Friday",2
"1835",13.2333333333333,"Monday",4
"1836",13.2333333333333,"Thursday",1
"1837",13.2333333333333,"Tuesday",2
"1838",13.2333333333333,"Wednesday",2
"1839",13.25,"Friday",2
"1840",13.25,"Monday",3
"1841",13.25,"Thursday",5
"1842",13.25,"Tuesday",3
"1843",13.25,"Wednesday",3
"1844",13.2666666666667,"Friday",2
"1845",13.2666666666667,"Monday",3
"1846",13.2666666666667,"Sunday",1
"1847",13.2666666666667,"Thursday",3
"1848",13.2666666666667,"Tuesday",5
"1849",13.2666666666667,"Wednesday",2
"1850",13.2833333333333,"Friday",4
"1851",13.2833333333333,"Monday",3
"1852",13.2833333333333,"Thursday",1
"1853",13.2833333333333,"Tuesday",1
"1854",13.3,"Friday",5
"1855",13.3,"Monday",5
"1856",13.3,"Sunday",1
"1857",13.3,"Thursday",4
"1858",13.3,"Tuesday",3
"1859",13.3,"Wednesday",5
"1860",13.3166666666667,"Friday",3
"1861",13.3166666666667,"Monday",7
"1862",13.3166666666667,"Thursday",1
"1863",13.3166666666667,"Tuesday",2
"1864",13.3166666666667,"Wednesday",4
"1865",13.3333333333333,"Friday",4
"1866",13.3333333333333,"Monday",4
"1867",13.3333333333333,"Thursday",2
"1868",13.3333333333333,"Tuesday",2
"1869",13.3333333333333,"Wednesday",2
"1870",13.35,"Friday",5
"1871",13.35,"Monday",2
"1872",13.35,"Thursday",4
"1873",13.35,"Tuesday",4
"1874",13.35,"Wednesday",3
"1875",13.3666666666667,"Friday",1
"1876",13.3666666666667,"Monday",6
"1877",13.3666666666667,"Tuesday",6
"1878",13.3666666666667,"Wednesday",7
"1879",13.3833333333333,"Friday",1
"1880",13.3833333333333,"Monday",2
"1881",13.3833333333333,"Thursday",4
"1882",13.3833333333333,"Tuesday",1
"1883",13.3833333333333,"Wednesday",4
"1884",13.4,"Friday",2
"1885",13.4,"Monday",2
"1886",13.4,"Thursday",3
"1887",13.4,"Tuesday",1
"1888",13.4,"Wednesday",3
"1889",13.4166666666667,"Friday",2
"1890",13.4166666666667,"Monday",3
"1891",13.4166666666667,"Thursday",3
"1892",13.4166666666667,"Tuesday",7
"1893",13.4166666666667,"Wednesday",3
"1894",13.4333333333333,"Friday",1
"1895",13.4333333333333,"Monday",1
"1896",13.4333333333333,"Thursday",3
"1897",13.4333333333333,"Tuesday",5
"1898",13.4333333333333,"Wednesday",6
"1899",13.45,"Friday",2
"1900",13.45,"Monday",1
"1901",13.45,"Thursday",2
"1902",13.45,"Tuesday",1
"1903",13.45,"Wednesday",8
"1904",13.4666666666667,"Friday",2
"1905",13.4666666666667,"Monday",4
"1906",13.4666666666667,"Thursday",4
"1907",13.4666666666667,"Tuesday",2
"1908",13.4666666666667,"Wednesday",4
"1909",13.4833333333333,"Friday",3
"1910",13.4833333333333,"Monday",5
"1911",13.4833333333333,"Thursday",1
"1912",13.4833333333333,"Tuesday",3
"1913",13.4833333333333,"Wednesday",1
"1914",13.5,"Friday",3
"1915",13.5,"Monday",2
"1916",13.5,"Thursday",1
"1917",13.5,"Tuesday",1
"1918",13.5,"Wednesday",3
"1919",13.5166666666667,"Friday",5
"1920",13.5166666666667,"Monday",2
"1921",13.5166666666667,"Thursday",1
"1922",13.5166666666667,"Tuesday",2
"1923",13.5166666666667,"Wednesday",1
"1924",13.5333333333333,"Friday",2
"1925",13.5333333333333,"Monday",2
"1926",13.5333333333333,"Thursday",2
"1927",13.5333333333333,"Tuesday",2
"1928",13.5333333333333,"Wednesday",2
"1929",13.55,"Friday",2
"1930",13.55,"Monday",2
"1931",13.55,"Thursday",1
"1932",13.55,"Tuesday",4
"1933",13.55,"Wednesday",1
"1934",13.5666666666667,"Friday",1
"1935",13.5666666666667,"Monday",2
"1936",13.5666666666667,"Thursday",3
"1937",13.5666666666667,"Tuesday",4
"1938",13.5666666666667,"Wednesday",2
"1939",13.5833333333333,"Friday",7
"1940",13.5833333333333,"Monday",3
"1941",13.5833333333333,"Thursday",3
"1942",13.5833333333333,"Tuesday",3
"1943",13.5833333333333,"Wednesday",3
"1944",13.6,"Friday",2
"1945",13.6,"Monday",2
"1946",13.6,"Thursday",2
"1947",13.6,"Tuesday",2
"1948",13.6,"Wednesday",1
"1949",13.6166666666667,"Friday",2
"1950",13.6166666666667,"Monday",1
"1951",13.6166666666667,"Thursday",1
"1952",13.6166666666667,"Tuesday",6
"1953",13.6166666666667,"Wednesday",8
"1954",13.6333333333333,"Friday",5
"1955",13.6333333333333,"Monday",7
"1956",13.6333333333333,"Thursday",2
"1957",13.6333333333333,"Tuesday",6
"1958",13.6333333333333,"Wednesday",1
"1959",13.65,"Friday",2
"1960",13.65,"Monday",4
"1961",13.65,"Thursday",2
"1962",13.65,"Tuesday",5
"1963",13.65,"Wednesday",2
"1964",13.6666666666667,"Friday",1
"1965",13.6666666666667,"Monday",4
"1966",13.6666666666667,"Saturday",1
"1967",13.6666666666667,"Thursday",3
"1968",13.6666666666667,"Tuesday",4
"1969",13.6666666666667,"Wednesday",3
"1970",13.6833333333333,"Friday",2
"1971",13.6833333333333,"Monday",3
"1972",13.6833333333333,"Thursday",2
"1973",13.6833333333333,"Tuesday",4
"1974",13.6833333333333,"Wednesday",3
"1975",13.7,"Friday",7
"1976",13.7,"Monday",2
"1977",13.7,"Thursday",2
"1978",13.7,"Tuesday",3
"1979",13.7,"Wednesday",8
"1980",13.7166666666667,"Friday",3
"1981",13.7166666666667,"Monday",3
"1982",13.7166666666667,"Thursday",5
"1983",13.7166666666667,"Tuesday",2
"1984",13.7166666666667,"Wednesday",1
"1985",13.7333333333333,"Friday",7
"1986",13.7333333333333,"Monday",2
"1987",13.7333333333333,"Thursday",5
"1988",13.7333333333333,"Tuesday",2
"1989",13.7333333333333,"Wednesday",1
"1990",13.75,"Friday",1
"1991",13.75,"Monday",6
"1992",13.75,"Sunday",2
"1993",13.75,"Thursday",2
"1994",13.75,"Tuesday",3
"1995",13.75,"Wednesday",7
"1996",13.7666666666667,"Friday",5
"1997",13.7666666666667,"Monday",3
"1998",13.7666666666667,"Thursday",5
"1999",13.7666666666667,"Tuesday",2
"2000",13.7666666666667,"Wednesday",1
"2001",13.7833333333333,"Friday",3
"2002",13.7833333333333,"Monday",1
"2003",13.7833333333333,"Thursday",6
"2004",13.7833333333333,"Tuesday",5
"2005",13.7833333333333,"Wednesday",4
"2006",13.8,"Friday",2
"2007",13.8,"Thursday",3
"2008",13.8,"Tuesday",3
"2009",13.8,"Wednesday",4
"2010",13.8166666666667,"Friday",3
"2011",13.8166666666667,"Monday",2
"2012",13.8166666666667,"Tuesday",1
"2013",13.8166666666667,"Wednesday",2
"2014",13.8333333333333,"Friday",2
"2015",13.8333333333333,"Monday",1
"2016",13.8333333333333,"Tuesday",3
"2017",13.8333333333333,"Wednesday",6
"2018",13.85,"Friday",1
"2019",13.85,"Monday",4
"2020",13.85,"Thursday",1
"2021",13.85,"Tuesday",5
"2022",13.85,"Wednesday",5
"2023",13.8666666666667,"Friday",1
"2024",13.8666666666667,"Monday",4
"2025",13.8666666666667,"Thursday",7
"2026",13.8666666666667,"Tuesday",1
"2027",13.8666666666667,"Wednesday",5
"2028",13.8833333333333,"Friday",1
"2029",13.8833333333333,"Monday",2
"2030",13.8833333333333,"Thursday",3
"2031",13.8833333333333,"Tuesday",4
"2032",13.8833333333333,"Wednesday",2
"2033",13.9,"Friday",1
"2034",13.9,"Monday",4
"2035",13.9,"Thursday",4
"2036",13.9,"Tuesday",1
"2037",13.9,"Wednesday",5
"2038",13.9166666666667,"Friday",2
"2039",13.9166666666667,"Monday",3
"2040",13.9166666666667,"Thursday",4
"2041",13.9166666666667,"Tuesday",2
"2042",13.9166666666667,"Wednesday",3
"2043",13.9333333333333,"Friday",3
"2044",13.9333333333333,"Monday",3
"2045",13.9333333333333,"Thursday",2
"2046",13.9333333333333,"Tuesday",1
"2047",13.9333333333333,"Wednesday",2
"2048",13.95,"Monday",5
"2049",13.95,"Thursday",3
"2050",13.95,"Tuesday",1
"2051",13.95,"Wednesday",4
"2052",13.9666666666667,"Friday",5
"2053",13.9666666666667,"Monday",1
"2054",13.9666666666667,"Thursday",1
"2055",13.9666666666667,"Tuesday",2
"2056",13.9666666666667,"Wednesday",6
"2057",13.9833333333333,"Friday",2
"2058",13.9833333333333,"Monday",2
"2059",13.9833333333333,"Thursday",5
"2060",13.9833333333333,"Tuesday",2
"2061",13.9833333333333,"Wednesday",4
"2062",14,"Friday",2
"2063",14,"Monday",1
"2064",14,"Thursday",5
"2065",14,"Tuesday",2
"2066",14,"Wednesday",7
"2067",14.0166666666667,"Friday",4
"2068",14.0166666666667,"Monday",1
"2069",14.0166666666667,"Thursday",5
"2070",14.0166666666667,"Tuesday",5
"2071",14.0166666666667,"Wednesday",2
"2072",14.0333333333333,"Friday",3
"2073",14.0333333333333,"Monday",5
"2074",14.0333333333333,"Thursday",2
"2075",14.0333333333333,"Tuesday",3
"2076",14.0333333333333,"Wednesday",2
"2077",14.05,"Friday",3
"2078",14.05,"Monday",1
"2079",14.05,"Thursday",1
"2080",14.05,"Tuesday",1
"2081",14.05,"Wednesday",3
"2082",14.0666666666667,"Friday",2
"2083",14.0666666666667,"Monday",3
"2084",14.0666666666667,"Thursday",2
"2085",14.0666666666667,"Tuesday",5
"2086",14.0666666666667,"Wednesday",3
"2087",14.0833333333333,"Friday",3
"2088",14.0833333333333,"Monday",2
"2089",14.0833333333333,"Saturday",1
"2090",14.0833333333333,"Thursday",3
"2091",14.0833333333333,"Tuesday",2
"2092",14.0833333333333,"Wednesday",4
"2093",14.1,"Friday",3
"2094",14.1,"Monday",5
"2095",14.1,"Thursday",3
"2096",14.1,"Tuesday",6
"2097",14.1,"Wednesday",4
"2098",14.1166666666667,"Friday",3
"2099",14.1166666666667,"Monday",2
"2100",14.1166666666667,"Thursday",1
"2101",14.1166666666667,"Tuesday",3
"2102",14.1166666666667,"Wednesday",3
"2103",14.1333333333333,"Friday",7
"2104",14.1333333333333,"Thursday",3
"2105",14.1333333333333,"Tuesday",4
"2106",14.1333333333333,"Wednesday",4
"2107",14.15,"Friday",3
"2108",14.15,"Monday",3
"2109",14.15,"Thursday",3
"2110",14.15,"Tuesday",3
"2111",14.15,"Wednesday",5
"2112",14.1666666666667,"Friday",1
"2113",14.1666666666667,"Monday",3
"2114",14.1666666666667,"Tuesday",1
"2115",14.1666666666667,"Wednesday",2
"2116",14.1833333333333,"Friday",2
"2117",14.1833333333333,"Monday",3
"2118",14.1833333333333,"Thursday",1
"2119",14.1833333333333,"Tuesday",2
"2120",14.1833333333333,"Wednesday",6
"2121",14.2,"Friday",1
"2122",14.2,"Monday",3
"2123",14.2,"Thursday",2
"2124",14.2,"Tuesday",2
"2125",14.2,"Wednesday",5
"2126",14.2166666666667,"Friday",2
"2127",14.2166666666667,"Monday",5
"2128",14.2166666666667,"Sunday",1
"2129",14.2166666666667,"Thursday",2
"2130",14.2166666666667,"Tuesday",5
"2131",14.2166666666667,"Wednesday",2
"2132",14.2333333333333,"Friday",1
"2133",14.2333333333333,"Thursday",5
"2134",14.2333333333333,"Wednesday",8
"2135",14.25,"Friday",2
"2136",14.25,"Monday",5
"2137",14.25,"Thursday",2
"2138",14.25,"Tuesday",4
"2139",14.25,"Wednesday",1
"2140",14.2666666666667,"Friday",2
"2141",14.2666666666667,"Monday",3
"2142",14.2666666666667,"Tuesday",2
"2143",14.2666666666667,"Wednesday",3
"2144",14.2833333333333,"Friday",5
"2145",14.2833333333333,"Monday",3
"2146",14.2833333333333,"Thursday",3
"2147",14.2833333333333,"Tuesday",1
"2148",14.2833333333333,"Wednesday",2
"2149",14.3,"Friday",2
"2150",14.3,"Monday",2
"2151",14.3,"Thursday",5
"2152",14.3,"Tuesday",2
"2153",14.3,"Wednesday",1
"2154",14.3166666666667,"Friday",3
"2155",14.3166666666667,"Monday",1
"2156",14.3166666666667,"Thursday",2
"2157",14.3166666666667,"Tuesday",3
"2158",14.3166666666667,"Wednesday",2
"2159",14.3333333333333,"Friday",1
"2160",14.3333333333333,"Monday",3
"2161",14.3333333333333,"Tuesday",2
"2162",14.3333333333333,"Wednesday",1
"2163",14.35,"Friday",2
"2164",14.35,"Thursday",3
"2165",14.35,"Tuesday",5
"2166",14.35,"Wednesday",3
"2167",14.3666666666667,"Friday",1
"2168",14.3666666666667,"Monday",2
"2169",14.3666666666667,"Thursday",1
"2170",14.3666666666667,"Tuesday",2
"2171",14.3666666666667,"Wednesday",3
"2172",14.3833333333333,"Monday",1
"2173",14.3833333333333,"Tuesday",4
"2174",14.3833333333333,"Wednesday",3
"2175",14.4,"Friday",6
"2176",14.4,"Monday",1
"2177",14.4,"Thursday",5
"2178",14.4,"Tuesday",6
"2179",14.4,"Wednesday",2
"2180",14.4166666666667,"Friday",2
"2181",14.4166666666667,"Monday",2
"2182",14.4166666666667,"Thursday",2
"2183",14.4166666666667,"Tuesday",2
"2184",14.4166666666667,"Wednesday",4
"2185",14.4333333333333,"Monday",3
"2186",14.4333333333333,"Tuesday",3
"2187",14.4333333333333,"Wednesday",2
"2188",14.45,"Monday",1
"2189",14.45,"Thursday",2
"2190",14.45,"Tuesday",1
"2191",14.45,"Wednesday",3
"2192",14.4666666666667,"Friday",3
"2193",14.4666666666667,"Monday",1
"2194",14.4666666666667,"Thursday",3
"2195",14.4666666666667,"Tuesday",1
"2196",14.4666666666667,"Wednesday",4
"2197",14.4833333333333,"Friday",3
"2198",14.4833333333333,"Monday",4
"2199",14.4833333333333,"Thursday",6
"2200",14.4833333333333,"Tuesday",1
"2201",14.4833333333333,"Wednesday",3
"2202",14.5,"Friday",2
"2203",14.5,"Monday",1
"2204",14.5,"Sunday",1
"2205",14.5,"Thursday",5
"2206",14.5,"Wednesday",3
"2207",14.5166666666667,"Friday",5
"2208",14.5166666666667,"Monday",1
"2209",14.5166666666667,"Thursday",2
"2210",14.5166666666667,"Tuesday",6
"2211",14.5166666666667,"Wednesday",4
"2212",14.5333333333333,"Friday",5
"2213",14.5333333333333,"Thursday",1
"2214",14.5333333333333,"Tuesday",2
"2215",14.5333333333333,"Wednesday",2
"2216",14.55,"Friday",4
"2217",14.55,"Monday",2
"2218",14.55,"Thursday",1
"2219",14.55,"Tuesday",3
"2220",14.55,"Wednesday",3
"2221",14.5666666666667,"Friday",2
"2222",14.5666666666667,"Monday",2
"2223",14.5666666666667,"Thursday",3
"2224",14.5666666666667,"Wednesday",1
"2225",14.5833333333333,"Friday",6
"2226",14.5833333333333,"Thursday",1
"2227",14.5833333333333,"Tuesday",1
"2228",14.5833333333333,"Wednesday",5
"2229",14.6,"Monday",2
"2230",14.6,"Tuesday",3
"2231",14.6,"Wednesday",3
"2232",14.6166666666667,"Friday",1
"2233",14.6166666666667,"Monday",2
"2234",14.6166666666667,"Thursday",2
"2235",14.6166666666667,"Tuesday",4
"2236",14.6166666666667,"Wednesday",6
"2237",14.6333333333333,"Friday",3
"2238",14.6333333333333,"Monday",2
"2239",14.6333333333333,"Thursday",1
"2240",14.6333333333333,"Tuesday",4
"2241",14.6333333333333,"Wednesday",5
"2242",14.65,"Friday",1
"2243",14.65,"Monday",4
"2244",14.65,"Sunday",1
"2245",14.65,"Thursday",6
"2246",14.65,"Tuesday",2
"2247",14.65,"Wednesday",1
"2248",14.6666666666667,"Friday",5
"2249",14.6666666666667,"Monday",3
"2250",14.6666666666667,"Thursday",3
"2251",14.6833333333333,"Friday",3
"2252",14.6833333333333,"Monday",1
"2253",14.6833333333333,"Thursday",3
"2254",14.6833333333333,"Tuesday",3
"2255",14.6833333333333,"Wednesday",5
"2256",14.7,"Friday",1
"2257",14.7,"Monday",3
"2258",14.7,"Thursday",1
"2259",14.7,"Tuesday",3
"2260",14.7,"Wednesday",2
"2261",14.7166666666667,"Friday",1
"2262",14.7166666666667,"Monday",3
"2263",14.7166666666667,"Saturday",1
"2264",14.7166666666667,"Thursday",2
"2265",14.7166666666667,"Tuesday",2
"2266",14.7166666666667,"Wednesday",2
"2267",14.7333333333333,"Friday",3
"2268",14.7333333333333,"Tuesday",1
"2269",14.7333333333333,"Wednesday",6
"2270",14.75,"Friday",1
"2271",14.75,"Saturday",1
"2272",14.75,"Thursday",2
"2273",14.75,"Tuesday",4
"2274",14.75,"Wednesday",2
"2275",14.7666666666667,"Friday",2
"2276",14.7666666666667,"Monday",1
"2277",14.7666666666667,"Thursday",6
"2278",14.7666666666667,"Tuesday",3
"2279",14.7666666666667,"Wednesday",2
"2280",14.7833333333333,"Friday",2
"2281",14.7833333333333,"Monday",1
"2282",14.7833333333333,"Thursday",4
"2283",14.7833333333333,"Tuesday",4
"2284",14.7833333333333,"Wednesday",7
"2285",14.8,"Friday",2
"2286",14.8,"Monday",4
"2287",14.8,"Tuesday",1
"2288",14.8,"Wednesday",1
"2289",14.8166666666667,"Friday",4
"2290",14.8166666666667,"Monday",4
"2291",14.8166666666667,"Thursday",3
"2292",14.8166666666667,"Tuesday",3
"2293",14.8166666666667,"Wednesday",1
"2294",14.8333333333333,"Friday",2
"2295",14.8333333333333,"Monday",3
"2296",14.8333333333333,"Thursday",6
"2297",14.8333333333333,"Tuesday",1
"2298",14.8333333333333,"Wednesday",2
"2299",14.85,"Friday",2
"2300",14.85,"Saturday",1
"2301",14.85,"Thursday",3
"2302",14.85,"Wednesday",2
"2303",14.8666666666667,"Friday",2
"2304",14.8666666666667,"Thursday",4
"2305",14.8666666666667,"Tuesday",1
"2306",14.8666666666667,"Wednesday",2
"2307",14.8833333333333,"Friday",3
"2308",14.8833333333333,"Monday",3
"2309",14.8833333333333,"Thursday",2
"2310",14.8833333333333,"Tuesday",3
"2311",14.8833333333333,"Wednesday",1
"2312",14.9,"Monday",1
"2313",14.9,"Tuesday",1
"2314",14.9,"Wednesday",4
"2315",14.9166666666667,"Friday",2
"2316",14.9166666666667,"Monday",2
"2317",14.9166666666667,"Thursday",4
"2318",14.9166666666667,"Tuesday",1
"2319",14.9166666666667,"Wednesday",3
"2320",14.9333333333333,"Friday",2
"2321",14.9333333333333,"Monday",3
"2322",14.9333333333333,"Tuesday",2
"2323",14.9333333333333,"Wednesday",3
"2324",14.95,"Friday",3
"2325",14.95,"Monday",4
"2326",14.95,"Thursday",3
"2327",14.9666666666667,"Friday",1
"2328",14.9666666666667,"Monday",1
"2329",14.9666666666667,"Thursday",3
"2330",14.9666666666667,"Wednesday",1
"2331",14.9833333333333,"Friday",5
"2332",14.9833333333333,"Thursday",1
"2333",14.9833333333333,"Wednesday",4
"2334",15,"Friday",4
"2335",15,"Monday",2
"2336",15,"Thursday",4
"2337",15,"Tuesday",2
"2338",15,"Wednesday",1
"2339",15.0166666666667,"Friday",2
"2340",15.0166666666667,"Monday",4
"2341",15.0166666666667,"Thursday",4
"2342",15.0166666666667,"Wednesday",1
"2343",15.0333333333333,"Monday",1
"2344",15.05,"Monday",2
"2345",15.05,"Tuesday",2
"2346",15.05,"Wednesday",1
"2347",15.0666666666667,"Friday",1
"2348",15.0666666666667,"Monday",4
"2349",15.0666666666667,"Thursday",3
"2350",15.0666666666667,"Tuesday",1
"2351",15.0666666666667,"Wednesday",3
"2352",15.0833333333333,"Friday",3
"2353",15.0833333333333,"Thursday",4
"2354",15.0833333333333,"Tuesday",1
"2355",15.0833333333333,"Wednesday",3
"2356",15.1,"Friday",5
"2357",15.1,"Monday",2
"2358",15.1,"Thursday",2
"2359",15.1,"Wednesday",3
"2360",15.1166666666667,"Monday",1
"2361",15.1166666666667,"Thursday",2
"2362",15.1166666666667,"Tuesday",2
"2363",15.1166666666667,"Wednesday",1
"2364",15.1333333333333,"Friday",1
"2365",15.1333333333333,"Thursday",1
"2366",15.1333333333333,"Tuesday",1
"2367",15.1333333333333,"Wednesday",1
"2368",15.15,"Friday",1
"2369",15.15,"Monday",1
"2370",15.15,"Thursday",1
"2371",15.15,"Tuesday",3
"2372",15.15,"Wednesday",1
"2373",15.1666666666667,"Friday",4
"2374",15.1666666666667,"Thursday",2
"2375",15.1666666666667,"Tuesday",2
"2376",15.1833333333333,"Friday",3
"2377",15.1833333333333,"Monday",2
"2378",15.1833333333333,"Tuesday",2
"2379",15.2,"Friday",2
"2380",15.2,"Monday",3
"2381",15.2,"Tuesday",2
"2382",15.2,"Wednesday",4
"2383",15.2166666666667,"Monday",1
"2384",15.2166666666667,"Sunday",1
"2385",15.2166666666667,"Tuesday",4
"2386",15.2166666666667,"Wednesday",1
"2387",15.2333333333333,"Friday",2
"2388",15.2333333333333,"Monday",4
"2389",15.2333333333333,"Thursday",2
"2390",15.25,"Friday",1
"2391",15.25,"Thursday",3
"2392",15.25,"Tuesday",1
"2393",15.25,"Wednesday",2
"2394",15.2666666666667,"Monday",3
"2395",15.2666666666667,"Thursday",2
"2396",15.2666666666667,"Tuesday",3
"2397",15.2666666666667,"Wednesday",2
"2398",15.2833333333333,"Friday",2
"2399",15.2833333333333,"Monday",1
"2400",15.2833333333333,"Thursday",3
"2401",15.2833333333333,"Tuesday",1
"2402",15.2833333333333,"Wednesday",1
"2403",15.3,"Friday",1
"2404",15.3,"Monday",2
"2405",15.3,"Thursday",3
"2406",15.3,"Tuesday",2
"2407",15.3,"Wednesday",2
"2408",15.3166666666667,"Monday",1
"2409",15.3166666666667,"Tuesday",3
"2410",15.3333333333333,"Friday",1
"2411",15.3333333333333,"Monday",1
"2412",15.3333333333333,"Thursday",1
"2413",15.3333333333333,"Tuesday",1
"2414",15.3333333333333,"Wednesday",2
"2415",15.35,"Monday",1
"2416",15.35,"Thursday",3
"2417",15.35,"Tuesday",1
"2418",15.3666666666667,"Friday",3
"2419",15.3666666666667,"Monday",7
"2420",15.3666666666667,"Thursday",2
"2421",15.3666666666667,"Tuesday",2
"2422",15.3666666666667,"Wednesday",1
"2423",15.3833333333333,"Friday",1
"2424",15.3833333333333,"Monday",1
"2425",15.3833333333333,"Thursday",2
"2426",15.3833333333333,"Tuesday",2
"2427",15.3833333333333,"Wednesday",1
"2428",15.4,"Friday",1
"2429",15.4,"Monday",2
"2430",15.4,"Thursday",1
"2431",15.4,"Tuesday",3
"2432",15.4,"Wednesday",3
"2433",15.4166666666667,"Monday",1
"2434",15.4166666666667,"Thursday",1
"2435",15.4166666666667,"Tuesday",1
"2436",15.4166666666667,"Wednesday",3
"2437",15.4333333333333,"Friday",2
"2438",15.4333333333333,"Monday",5
"2439",15.4333333333333,"Thursday",1
"2440",15.4333333333333,"Tuesday",3
"2441",15.4333333333333,"Wednesday",2
"2442",15.45,"Friday",3
"2443",15.45,"Wednesday",1
"2444",15.4666666666667,"Friday",1
"2445",15.4666666666667,"Monday",3
"2446",15.4666666666667,"Thursday",2
"2447",15.4666666666667,"Tuesday",2
"2448",15.4833333333333,"Friday",1
"2449",15.4833333333333,"Thursday",2
"2450",15.4833333333333,"Tuesday",3
"2451",15.4833333333333,"Wednesday",1
"2452",15.5,"Friday",2
"2453",15.5,"Monday",1
"2454",15.5,"Thursday",3
"2455",15.5,"Wednesday",1
"2456",15.5166666666667,"Friday",1
"2457",15.5166666666667,"Monday",3
"2458",15.5166666666667,"Thursday",2
"2459",15.5166666666667,"Tuesday",1
"2460",15.5166666666667,"Wednesday",2
"2461",15.5333333333333,"Monday",2
"2462",15.5333333333333,"Saturday",1
"2463",15.5333333333333,"Thursday",1
"2464",15.5333333333333,"Wednesday",3
"2465",15.55,"Friday",1
"2466",15.55,"Monday",1
"2467",15.55,"Thursday",2
"2468",15.55,"Tuesday",2
"2469",15.55,"Wednesday",5
"2470",15.5666666666667,"Friday",2
"2471",15.5666666666667,"Monday",1
"2472",15.5666666666667,"Thursday",3
"2473",15.5666666666667,"Tuesday",2
"2474",15.5666666666667,"Wednesday",2
"2475",15.5833333333333,"Friday",2
"2476",15.5833333333333,"Monday",1
"2477",15.5833333333333,"Tuesday",3
"2478",15.6,"Friday",1
"2479",15.6,"Monday",2
"2480",15.6,"Thursday",1
"2481",15.6,"Tuesday",1
"2482",15.6,"Wednesday",3
"2483",15.6166666666667,"Friday",1
"2484",15.6166666666667,"Monday",3
"2485",15.6166666666667,"Thursday",2
"2486",15.6166666666667,"Tuesday",1
"2487",15.6166666666667,"Wednesday",1
"2488",15.6333333333333,"Friday",2
"2489",15.6333333333333,"Thursday",2
"2490",15.6333333333333,"Tuesday",1
"2491",15.6333333333333,"Wednesday",1
"2492",15.65,"Monday",3
"2493",15.65,"Wednesday",1
"2494",15.6666666666667,"Friday",1
"2495",15.6666666666667,"Thursday",2
"2496",15.6666666666667,"Tuesday",2
"2497",15.6666666666667,"Wednesday",3
"2498",15.6833333333333,"Friday",3
"2499",15.6833333333333,"Monday",1
"2500",15.6833333333333,"Thursday",3
"2501",15.6833333333333,"Tuesday",3
"2502",15.6833333333333,"Wednesday",1
"2503",15.7,"Monday",2
"2504",15.7,"Tuesday",1
"2505",15.7,"Wednesday",1
"2506",15.7166666666667,"Monday",1
"2507",15.7166666666667,"Thursday",1
"2508",15.7166666666667,"Tuesday",1
"2509",15.7166666666667,"Wednesday",1
"2510",15.7333333333333,"Monday",2
"2511",15.7333333333333,"Thursday",1
"2512",15.7333333333333,"Tuesday",1
"2513",15.7333333333333,"Wednesday",3
"2514",15.75,"Friday",4
"2515",15.75,"Monday",1
"2516",15.75,"Thursday",2
"2517",15.75,"Tuesday",1
"2518",15.75,"Wednesday",3
"2519",15.7666666666667,"Friday",4
"2520",15.7666666666667,"Monday",1
"2521",15.7666666666667,"Thursday",3
"2522",15.7666666666667,"Tuesday",1
"2523",15.7833333333333,"Monday",2
"2524",15.7833333333333,"Thursday",2
"2525",15.7833333333333,"Tuesday",2
"2526",15.7833333333333,"Wednesday",2
"2527",15.8,"Friday",1
"2528",15.8,"Monday",1
"2529",15.8,"Tuesday",3
"2530",15.8166666666667,"Friday",3
"2531",15.8166666666667,"Monday",3
"2532",15.8166666666667,"Tuesday",1
"2533",15.8333333333333,"Friday",1
"2534",15.8333333333333,"Monday",1
"2535",15.8333333333333,"Tuesday",1
"2536",15.8333333333333,"Wednesday",1
"2537",15.85,"Thursday",2
"2538",15.85,"Tuesday",1
"2539",15.8666666666667,"Friday",1
"2540",15.8666666666667,"Monday",2
"2541",15.8666666666667,"Thursday",1
"2542",15.8666666666667,"Tuesday",1
"2543",15.8833333333333,"Monday",3
"2544",15.8833333333333,"Thursday",1
"2545",15.8833333333333,"Tuesday",1
"2546",15.8833333333333,"Wednesday",4
"2547",15.9,"Monday",2
"2548",15.9,"Thursday",1
"2549",15.9,"Wednesday",2
"2550",15.9166666666667,"Friday",1
"2551",15.9166666666667,"Thursday",1
"2552",15.9166666666667,"Tuesday",1
"2553",15.9166666666667,"Wednesday",1
"2554",15.9333333333333,"Friday",3
"2555",15.9333333333333,"Monday",1
"2556",15.9333333333333,"Thursday",1
"2557",15.9333333333333,"Tuesday",2
"2558",15.95,"Friday",1
"2559",15.95,"Monday",2
"2560",15.9666666666667,"Friday",1
"2561",15.9666666666667,"Tuesday",1
"2562",15.9666666666667,"Wednesday",4
"2563",15.9833333333333,"Friday",2
"2564",15.9833333333333,"Monday",3
"2565",15.9833333333333,"Tuesday",1
"2566",15.9833333333333,"Wednesday",2
"2567",16,"Monday",4
"2568",16,"Tuesday",1
"2569",16.0166666666667,"Friday",2
"2570",16.0166666666667,"Monday",2
"2571",16.0166666666667,"Thursday",2
"2572",16.0166666666667,"Wednesday",2
"2573",16.0333333333333,"Friday",1
"2574",16.0333333333333,"Monday",2
"2575",16.0333333333333,"Thursday",3
"2576",16.0333333333333,"Tuesday",2
"2577",16.0333333333333,"Wednesday",1
"2578",16.05,"Friday",1
"2579",16.05,"Monday",1
"2580",16.05,"Sunday",1
"2581",16.05,"Tuesday",1
"2582",16.0666666666667,"Friday",1
"2583",16.0666666666667,"Thursday",1
"2584",16.0666666666667,"Tuesday",2
"2585",16.0666666666667,"Wednesday",1
"2586",16.0833333333333,"Friday",1
"2587",16.0833333333333,"Thursday",1
"2588",16.0833333333333,"Tuesday",2
"2589",16.1,"Thursday",1
"2590",16.1,"Tuesday",1
"2591",16.1166666666667,"Friday",2
"2592",16.1166666666667,"Thursday",1
"2593",16.1333333333333,"Friday",1
"2594",16.1333333333333,"Monday",1
"2595",16.1333333333333,"Thursday",3
"2596",16.1333333333333,"Wednesday",2
"2597",16.15,"Friday",1
"2598",16.15,"Monday",2
"2599",16.1666666666667,"Monday",2
"2600",16.1666666666667,"Thursday",2
"2601",16.1666666666667,"Wednesday",2
"2602",16.1833333333333,"Monday",1
"2603",16.1833333333333,"Thursday",2
"2604",16.1833333333333,"Tuesday",1
"2605",16.2,"Monday",3
"2606",16.2,"Thursday",1
"2607",16.2,"Tuesday",1
"2608",16.2,"Wednesday",2
"2609",16.2166666666667,"Friday",1
"2610",16.2166666666667,"Tuesday",1
"2611",16.2166666666667,"Wednesday",1
"2612",16.2333333333333,"Monday",2
"2613",16.2333333333333,"Thursday",1
"2614",16.2333333333333,"Tuesday",1
"2615",16.25,"Friday",2
"2616",16.25,"Thursday",1
"2617",16.25,"Wednesday",1
"2618",16.2666666666667,"Friday",2
"2619",16.2666666666667,"Monday",1
"2620",16.2666666666667,"Thursday",3
"2621",16.2666666666667,"Tuesday",2
"2622",16.2833333333333,"Monday",2
"2623",16.2833333333333,"Thursday",2
"2624",16.2833333333333,"Tuesday",1
"2625",16.3,"Monday",1
"2626",16.3,"Thursday",1
"2627",16.3,"Tuesday",2
"2628",16.3,"Wednesday",1
"2629",16.3166666666667,"Friday",1
"2630",16.3166666666667,"Monday",1
"2631",16.3166666666667,"Thursday",2
"2632",16.3166666666667,"Tuesday",1
"2633",16.3166666666667,"Wednesday",1
"2634",16.3333333333333,"Monday",1
"2635",16.3333333333333,"Tuesday",1
"2636",16.3333333333333,"Wednesday",2
"2637",16.35,"Friday",1
"2638",16.35,"Thursday",1
"2639",16.3666666666667,"Monday",1
"2640",16.3666666666667,"Thursday",1
"2641",16.3666666666667,"Tuesday",1
"2642",16.3833333333333,"Friday",1
"2643",16.3833333333333,"Monday",1
"2644",16.3833333333333,"Thursday",3
"2645",16.3833333333333,"Tuesday",2
"2646",16.4,"Thursday",1
"2647",16.4,"Tuesday",3
"2648",16.4,"Wednesday",1
"2649",16.4166666666667,"Monday",2
"2650",16.4166666666667,"Thursday",4
"2651",16.4166666666667,"Tuesday",4
"2652",16.4166666666667,"Wednesday",1
"2653",16.4333333333333,"Friday",1
"2654",16.4333333333333,"Monday",1
"2655",16.4333333333333,"Tuesday",2
"2656",16.4333333333333,"Wednesday",2
"2657",16.45,"Friday",1
"2658",16.45,"Tuesday",2
"2659",16.4666666666667,"Friday",1
"2660",16.4666666666667,"Thursday",2
"2661",16.4666666666667,"Tuesday",3
"2662",16.4833333333333,"Friday",1
"2663",16.4833333333333,"Thursday",2
"2664",16.4833333333333,"Wednesday",1
"2665",16.5,"Friday",1
"2666",16.5,"Monday",1
"2667",16.5,"Tuesday",2
"2668",16.5166666666667,"Friday",1
"2669",16.5166666666667,"Thursday",2
"2670",16.5166666666667,"Tuesday",3
"2671",16.5166666666667,"Wednesday",1
"2672",16.5333333333333,"Friday",2
"2673",16.5333333333333,"Monday",1
"2674",16.5333333333333,"Tuesday",2
"2675",16.5333333333333,"Wednesday",1
"2676",16.55,"Thursday",2
"2677",16.55,"Tuesday",1
"2678",16.5666666666667,"Friday",1
"2679",16.5666666666667,"Monday",3
"2680",16.5833333333333,"Monday",1
"2681",16.5833333333333,"Thursday",3
"2682",16.5833333333333,"Wednesday",1
"2683",16.6,"Thursday",1
"2684",16.6166666666667,"Thursday",1
"2685",16.6166666666667,"Tuesday",1
"2686",16.6333333333333,"Monday",3
"2687",16.65,"Friday",1
"2688",16.65,"Monday",1
"2689",16.65,"Saturday",1
"2690",16.65,"Thursday",1
"2691",16.65,"Tuesday",2
"2692",16.65,"Wednesday",1
"2693",16.6666666666667,"Thursday",1
"2694",16.6666666666667,"Wednesday",2
"2695",16.6833333333333,"Thursday",1
"2696",16.6833333333333,"Tuesday",1
"2697",16.7,"Monday",2
"2698",16.7,"Thursday",2
"2699",16.7,"Wednesday",1
"2700",16.7166666666667,"Friday",2
"2701",16.7166666666667,"Monday",1
"2702",16.7333333333333,"Thursday",2
"2703",16.75,"Friday",1
"2704",16.75,"Thursday",2
"2705",16.75,"Tuesday",3
"2706",16.75,"Wednesday",1
"2707",16.7666666666667,"Monday",1
"2708",16.7833333333333,"Friday",1
"2709",16.7833333333333,"Monday",1
"2710",16.7833333333333,"Thursday",2
"2711",16.8,"Monday",2
"2712",16.8166666666667,"Monday",1
"2713",16.85,"Thursday",2
"2714",16.85,"Tuesday",1
"2715",16.85,"Wednesday",1
"2716",16.8666666666667,"Friday",1
"2717",16.8666666666667,"Monday",2
"2718",16.8666666666667,"Wednesday",1
"2719",16.8833333333333,"Monday",1
"2720",16.8833333333333,"Tuesday",1
"2721",16.9,"Monday",2
"2722",16.9,"Wednesday",3
"2723",16.9166666666667,"Monday",2
"2724",16.9166666666667,"Wednesday",1
"2725",16.9333333333333,"Monday",1
"2726",16.9333333333333,"Sunday",1
"2727",16.9333333333333,"Thursday",1
"2728",16.95,"Friday",1
"2729",16.95,"Monday",2
"2730",16.95,"Tuesday",1
"2731",16.9666666666667,"Monday",2
"2732",16.9833333333333,"Tuesday",1
"2733",17,"Tuesday",1
"2734",17.0333333333333,"Monday",1
"2735",17.05,"Friday",2
"2736",17.05,"Tuesday",1
"2737",17.05,"Wednesday",1
"2738",17.0666666666667,"Friday",1
"2739",17.0666666666667,"Monday",1
"2740",17.0666666666667,"Thursday",2
"2741",17.0833333333333,"Friday",2
"2742",17.0833333333333,"Monday",1
"2743",17.1,"Thursday",1
"2744",17.1166666666667,"Monday",2
"2745",17.1166666666667,"Wednesday",1
"2746",17.1333333333333,"Thursday",1
"2747",17.15,"Friday",1
"2748",17.15,"Monday",1
"2749",17.15,"Sunday",1
"2750",17.15,"Thursday",1
"2751",17.1666666666667,"Sunday",1
"2752",17.1666666666667,"Thursday",2
"2753",17.1833333333333,"Monday",1
"2754",17.1833333333333,"Wednesday",1
"2755",17.2166666666667,"Friday",1
"2756",17.2166666666667,"Tuesday",1
"2757",17.2333333333333,"Thursday",1
"2758",17.2333333333333,"Wednesday",1
"2759",17.25,"Monday",1
"2760",17.25,"Wednesday",1
"2761",17.2666666666667,"Friday",1
"2762",17.2666666666667,"Monday",1
"2763",17.2666666666667,"Thursday",3
"2764",17.2833333333333,"Friday",1
"2765",17.2833333333333,"Thursday",2
"2766",17.2833333333333,"Tuesday",2
"2767",17.3,"Thursday",1
"2768",17.3,"Wednesday",1
"2769",17.3166666666667,"Monday",1
"2770",17.3166666666667,"Wednesday",1
"2771",17.3333333333333,"Tuesday",1
"2772",17.35,"Thursday",1
"2773",17.3666666666667,"Friday",1
"2774",17.3833333333333,"Thursday",1
"2775",17.4166666666667,"Friday",1
"2776",17.4166666666667,"Monday",1
"2777",17.4166666666667,"Thursday",1
"2778",17.45,"Monday",1
"2779",17.4666666666667,"Monday",1
"2780",17.4666666666667,"Tuesday",1
"2781",17.5,"Friday",1
"2782",17.5166666666667,"Monday",2
"2783",17.5166666666667,"Wednesday",1
"2784",17.5333333333333,"Friday",1
"2785",17.5333333333333,"Thursday",1
"2786",17.5333333333333,"Wednesday",1
"2787",17.55,"Friday",1
"2788",17.5666666666667,"Friday",1
"2789",17.5666666666667,"Tuesday",1
"2790",17.5833333333333,"Saturday",1
"2791",17.5833333333333,"Tuesday",1
"2792",17.6,"Monday",1
"2793",17.6,"Thursday",2
"2794",17.6166666666667,"Monday",1
"2795",17.6166666666667,"Thursday",1
"2796",17.6166666666667,"Wednesday",3
"2797",17.6333333333333,"Monday",1
"2798",17.6333333333333,"Thursday",1
"2799",17.6333333333333,"Tuesday",2
"2800",17.65,"Thursday",1
"2801",17.65,"Wednesday",1
"2802",17.6666666666667,"Friday",1
"2803",17.6833333333333,"Monday",1
"2804",17.6833333333333,"Thursday",1
"2805",17.6833333333333,"Tuesday",3
"2806",17.6833333333333,"Wednesday",2
"2807",17.7,"Monday",1
"2808",17.7,"Thursday",1
"2809",17.7333333333333,"Friday",2
"2810",17.7333333333333,"Wednesday",1
"2811",17.7666666666667,"Friday",3
"2812",17.7666666666667,"Tuesday",1
"2813",17.7833333333333,"Tuesday",2
"2814",17.8,"Friday",1
"2815",17.8,"Monday",1
"2816",17.8166666666667,"Monday",1
"2817",17.8166666666667,"Thursday",1
"2818",17.8166666666667,"Wednesday",1
"2819",17.8333333333333,"Friday",1
"2820",17.85,"Thursday",1
"2821",17.85,"Wednesday",2
"2822",17.8666666666667,"Monday",1
"2823",17.8666666666667,"Sunday",1
"2824",17.8833333333333,"Monday",1
"2825",17.9,"Wednesday",1
"2826",17.9166666666667,"Thursday",1
"2827",17.9166666666667,"Wednesday",1
"2828",17.9333333333333,"Thursday",2
"2829",17.9333333333333,"Tuesday",3
"2830",17.9833333333333,"Friday",1
"2831",17.9833333333333,"Thursday",1
"2832",17.9833333333333,"Wednesday",1
"2833",18,"Monday",1
"2834",18,"Wednesday",1
"2835",18.0166666666667,"Tuesday",1
"2836",18.0166666666667,"Wednesday",1
"2837",18.05,"Wednesday",1
"2838",18.0666666666667,"Tuesday",1
"2839",18.0833333333333,"Thursday",1
"2840",18.1,"Monday",1
"2841",18.1,"Thursday",1
"2842",18.1166666666667,"Friday",1
"2843",18.1166666666667,"Monday",1
"2844",18.1333333333333,"Tuesday",1
"2845",18.1666666666667,"Monday",1
"2846",18.1666666666667,"Thursday",1
"2847",18.1833333333333,"Monday",1
"2848",18.2,"Thursday",1
"2849",18.2166666666667,"Tuesday",1
"2850",18.2166666666667,"Wednesday",1
"2851",18.25,"Thursday",1
"2852",18.25,"Tuesday",1
"2853",18.2666666666667,"Friday",1
"2854",18.2666666666667,"Monday",1
"2855",18.2666666666667,"Thursday",1
"2856",18.2833333333333,"Tuesday",1
"2857",18.3,"Monday",1
"2858",18.3166666666667,"Monday",4
"2859",18.3166666666667,"Thursday",1
"2860",18.3333333333333,"Thursday",1
"2861",18.3333333333333,"Tuesday",1
"2862",18.35,"Tuesday",1
"2863",18.3666666666667,"Tuesday",1
"2864",18.3833333333333,"Monday",1
"2865",18.3833333333333,"Thursday",1
"2866",18.3833333333333,"Tuesday",1
"2867",18.4166666666667,"Monday",1
"2868",18.4333333333333,"Monday",1
"2869",18.4333333333333,"Tuesday",1
"2870",18.45,"Wednesday",1
"2871",18.4666666666667,"Wednesday",1
"2872",18.4833333333333,"Wednesday",1
"2873",18.5,"Friday",1
"2874",18.5166666666667,"Thursday",1
"2875",18.5166666666667,"Tuesday",1
"2876",18.5333333333333,"Monday",1
"2877",18.5833333333333,"Tuesday",1
"2878",18.6166666666667,"Monday",1
"2879",18.6166666666667,"Thursday",1
"2880",18.6333333333333,"Wednesday",1
"2881",18.65,"Monday",3
"2882",18.65,"Tuesday",1
"2883",18.6666666666667,"Monday",1
"2884",18.6833333333333,"Friday",1
"2885",18.7166666666667,"Monday",1
"2886",18.75,"Thursday",1
"2887",18.85,"Friday",1
"2888",18.9166666666667,"Friday",1
"2889",18.9166666666667,"Thursday",1
"2890",18.9333333333333,"Friday",1
"2891",18.9333333333333,"Thursday",1
"2892",18.9833333333333,"Thursday",1
"2893",19,"Friday",1
"2894",19.0166666666667,"Monday",1
"2895",19.0166666666667,"Thursday",2
"2896",19.0166666666667,"Tuesday",1
"2897",19.0333333333333,"Saturday",1
"2898",19.0333333333333,"Tuesday",1
"2899",19.0833333333333,"Friday",1
"2900",19.1166666666667,"Tuesday",2
"2901",19.1333333333333,"Wednesday",1
"2902",19.1666666666667,"Monday",1
"2903",19.2,"Friday",1
"2904",19.25,"Friday",1
"2905",19.25,"Monday",1
"2906",19.25,"Tuesday",1
"2907",19.2833333333333,"Monday",1
"2908",19.3,"Tuesday",1
"2909",19.35,"Thursday",1
"2910",19.35,"Tuesday",1
"2911",19.4666666666667,"Monday",1
"2912",19.4833333333333,"Tuesday",1
"2913",19.5333333333333,"Tuesday",1
"2914",19.55,"Thursday",1
"2915",19.55,"Wednesday",2
"2916",19.6166666666667,"Thursday",1
"2917",19.6333333333333,"Saturday",1
"2918",19.6333333333333,"Thursday",1
"2919",19.6833333333333,"Monday",1
"2920",19.7,"Sunday",1
"2921",19.7,"Tuesday",1
"2922",19.75,"Friday",1
"2923",19.75,"Wednesday",1
"2924",19.7833333333333,"Tuesday",1
"2925",19.8,"Thursday",1
"2926",19.8833333333333,"Tuesday",1
"2927",19.9,"Friday",1
"2928",19.9166666666667,"Friday",1
"2929",19.95,"Monday",1
"2930",19.9666666666667,"Friday",1
"2931",19.9833333333333,"Sunday",1
"2932",20.0166666666667,"Monday",1
"2933",20.05,"Monday",1
"2934",20.05,"Tuesday",1
"2935",20.0833333333333,"Monday",1
"2936",20.1166666666667,"Wednesday",1
"2937",20.1666666666667,"Monday",1
"2938",20.2666666666667,"Monday",1
"2939",20.2666666666667,"Tuesday",1
"2940",20.3666666666667,"Monday",1
"2941",20.3666666666667,"Sunday",1
"2942",20.3833333333333,"Monday",1
"2943",20.4166666666667,"Monday",1
"2944",20.45,"Monday",1
"2945",20.45,"Wednesday",1
"2946",20.4833333333333,"Friday",1
"2947",20.5166666666667,"Monday",1
"2948",20.55,"Thursday",1
"2949",20.6333333333333,"Tuesday",1
"2950",20.7166666666667,"Friday",1
"2951",20.7166666666667,"Monday",1
"2952",20.9833333333333,"Wednesday",1
"2953",21.0666666666667,"Friday",1
"2954",21.35,"Thursday",1
"2955",21.5,"Friday",1
"2956",21.5833333333333,"Monday",1
"2957",21.6,"Thursday",1
"2958",21.8833333333333,"Tuesday",1
"2959",21.8833333333333,"Wednesday",1
"2960",21.9166666666667,"Tuesday",1
"2961",21.9333333333333,"Friday",1
"2962",22.1166666666667,"Tuesday",1
"2963",22.1833333333333,"Thursday",1
"2964",22.2,"Wednesday",1
"2965",22.3666666666667,"Friday",1
"2966",22.8833333333333,"Thursday",1
"2967",23.1166666666667,"Tuesday",1
"2968",23.2833333333333,"Saturday",1
"2969",23.3166666666667,"Wednesday",1
"2970",23.6166666666667,"Monday",1
"2971",NA,"Saturday",1
"2972",NA,"Tuesday",1
